Point ID,Points_0,Points_1,Points_2,Points_Magnitude,displacement_0,displacement_1,displacement_2,displacement_Magnitude,velocity_0,velocity_1,velocity_2,velocity_Magnitude
0,117948,5688.53,0,118086,0.0458398,0.000758817,-0.00996554,0.0469167,0,0,0,0
1,-49018.7,-35882.8,0,60748.8,-0.0770098,-0.045704,0.0293545,0.0942393,0,0,0,0
2,-39213,-35678.7,0,53015.3,-0.104519,-0.0756813,0.0576726,0.141344,0,0,0,0
3,-43760,-43173.7,0,61472.8,-0.0598233,-0.0488515,0.0262417,0.0815716,0,0,0,0
4,-22233,-133736,0,135571,0.00517028,-0.000174529,0.0011304,0.00529529,0,0,0,0
5,-33653.1,-117555,0,122277,0.0038831,-0.00137455,0.00123509,0.00430039,0,0,0,0
6,-13978.8,-118089,0,118913,0.00538783,-0.000592717,0.00165136,0.00566631,0,0,0,0
7,18229.4,-133755,0,134991,0.00764207,-8.9889e-05,0.00111014,0.0077228,0,0,0,0
8,132563,-43198.4,0,139424,0.0363521,-0.00379351,-0.01257,0.0386506,0,0,0,0
9,150000,-30775.6,0,153125,0.0389352,-0.00468404,-0.0187607,0.0434724,0,0,0,0
10,129068,-87835.8,0,156121,0.0222769,-0.00338544,-0.00826105,0.0239993,0,0,0,0
11,105330,-100185,0,145366,0.018486,-0.00241542,-0.00459846,0.0192019,0,0,0,0
12,111425,-75917.1,0,134829,0.0253269,-0.00366528,-0.0063218,0.0263601,0,0,0,0
13,25666.8,-117311,0,120086,0.00868622,-0.000511589,0.00138005,0.00881004,0,0,0,0
14,31911.2,-100492,0,105437,0.0111882,-0.00246163,0.00197227,0.0116244,0,0,0,0
15,46371.7,-115068,0,124060,0.0108319,-0.00137649,0.000473019,0.0109292,0,0,0,0
16,-107398,-131397,0,169704,0.000628952,-0.00147613,-0.00150795,0.00220192,0,0,0,0
17,-122580,-150000,0,193716,0.000535992,0,-0.00176344,0.00184309,0,0,0,0
18,-129138,-129209,0,182679,0.00025048,-0.00157933,-0.00193369,0.00250922,0,0,0,0
19,113451,68052.2,0,132296,0.0281049,0.0039224,-0.00687618,0.0291985,0,0,0,0
20,133714,-2152.32,0,133731,0.0437709,-0.000251345,-0.0147966,0.046205,0,0,0,0
21,150000,10196.8,0,150346,0.0421878,0.00176528,-0.0200512,0.0467438,0,0,0,0
22,-24546.3,-3178.06,0,24751.2,-0.679044,-0.0747396,0.913202,1.14045,0,0,0,0
23,133736,18218.5,0,134971,0.0421934,0.00196608,-0.0144,0.0446263,0,0,0,0
24,150000,30775.6,0,153125,0.0387698,0.00472872,-0.0186894,0.0432984,0,0,0,0
25,-130539,-106671,0,168579,-0.000410556,-0.00324744,-0.00201253,0.00384249,0,0,0,0
26,-108746,-93038.6,0,143115,-0.00211891,-0.0046445,-0.00164336,0.005363,0,0,0,0
27,-114246,-114661,0,161862,-0.000183362,-0.00280154,-0.0016847,0.00327421,0,0,0,0
28,-131397,107398,0,169704,-0.000419594,0.00323027,-0.0019974,0.00382104,0,0,0,0
29,-129209,129138,0,182679,0.000269939,0.00159935,-0.00189479,0.00249419,0,0,0,0
30,-114661,114246,0,161862,-0.0002457,0.00278806,-0.00166978,0.00325911,0,0,0,0
31,-16979.1,-18158.3,0,24859.9,-0.466945,-0.438035,0.905372,1.10888,0,0,0,0
32,-20907.4,-16502.8,0,26635.8,-0.507129,-0.354014,0.76442,0.983282,0,0,0,0
33,-17792.6,-14111.1,0,22709,-0.56256,-0.398969,1.09046,1.29025,0,0,0,0
34,12607.1,-2364.29,0,12826.9,0.627121,-0.107903,2.00808,2.10649,0,0,0,0
35,12355.7,-5551.47,0,13545.5,0.600471,-0.242837,1.94457,2.04961,0,0,0,0
36,10156.4,-4049.42,0,10933.9,0.533038,-0.191381,2.15727,2.23037,0,0,0,0
37,-150000,-122580,0,193716,0,-0.00203774,-0.00207459,0.00290797,0,0,0,0
38,63588.3,132552,0,147015,0.0110137,0.000586837,-0.000805695,0.0110587,0,0,0,0
39,-99594.1,62286.5,0,117467,-0.00953977,0.00766166,-0.00111731,0.0122864,0,0,0,0
40,-87105.9,52492.7,0,101700,-0.0176341,0.0109034,0.000496111,0.0207387,0,0,0,0
41,-101797,43959.2,0,110883,-0.0155724,0.00772069,-0.00103808,0.0174122,0,0,0,0
42,13468.9,-56050.6,0,57646.2,0.0290569,-0.0579296,0.0315217,0.0720677,0,0,0,0
43,108732,93035.1,0,143102,0.020107,0.00268465,-0.00520198,0.0209418,0,0,0,0
44,93523.7,72874.4,0,118564,0.0262705,0.00504524,-0.00350241,0.0269789,0,0,0,0
45,82399.3,93064.4,0,124301,0.0188153,0.00365145,-0.00214649,0.0192861,0,0,0,0
46,-93556.8,-72879.4,0,118593,-0.00711223,-0.00730266,-0.000677547,0.0102162,0,0,0,0
47,-98597.4,-52434.1,0,111673,-0.0134625,-0.00826792,-0.000971793,0.0158285,0,0,0,0
48,-81834.5,-57148.5,0,99814,-0.0162612,-0.0112757,0.00112846,0.0198203,0,0,0,0
49,-7262.31,-76718.9,0,77061.8,0.0043733,-0.0137168,0.00758039,0.0162708,0,0,0,0
50,-13620.3,-65959.5,0,67351.1,-0.00479416,-0.0302123,0.0166953,0.0348496,0,0,0,0
51,-1264.04,-66943.4,0,66955.3,0.00552774,-0.0290952,0.0170859,0.0341909,0,0,0,0
52,-2779.59,-8367.46,0,8817.06,-0.148211,-0.413998,2.30938,2.35087,0,0,0,0
53,-150000,-97408.9,0,178853,0,-0.00366887,-0.00226934,0.00431399,0,0,0,0
54,-150000,-73992.1,0,167257,0,-0.00468627,-0.00256737,0.00534346,0,0,0,0
55,-130899,-83258.9,0,155134,-0.00157226,-0.0046625,-0.00230311,0.00543279,0,0,0,0
56,-131806,85336.1,0,157019,-0.00142179,0.00452346,-0.00223544,0.00524217,0,0,0,0
57,-150000,-150000,0,212132,0,0,-0.00197035,0.00197035,0,0,0,0
58,69569.4,-110695,0,130741,0.0137561,-0.00194924,-0.00103784,0.0139322,0,0,0,0
59,85476.4,-98994,0,130790,0.0175892,-0.00284485,-0.00252157,0.0179953,0,0,0,0
60,150000,51913.3,0,158729,0.0329982,0.00630065,-0.0162809,0.0373315,0,0,0,0
61,38926.3,-133048,0,138626,0.00907647,-0.000208912,0.000485931,0.00909187,0,0,0,0
62,60529.7,-131677,0,144923,0.0108942,-0.000689173,-0.000710423,0.0109391,0,0,0,0
63,-19170.8,88621.5,0,90671.3,0.00249059,0.00654215,0.00480773,0.00849218,0,0,0,0
64,-27170.1,-47058.1,0,54338.5,-0.0549132,-0.0764814,0.0479615,0.105665,0,0,0,0
65,-23411,-40810.1,0,47048.3,-0.0868705,-0.126413,0.0911112,0.178404,0,0,0,0
66,-19951.6,-46900.1,0,50967.5,-0.0530686,-0.101843,0.0659486,0.132429,0,0,0,0
67,-112988,95411.5,0,147884,-0.00175239,0.00439486,-0.00186246,0.00508472,0,0,0,0
68,-106671,130539,0,168579,0.000733052,0.00151147,-0.00143686,0.00221054,0,0,0,0
69,-122580,150000,0,193716,0.000587077,0,-0.001733,0.00182974,0,0,0,0
70,-73500.7,60031.2,0,94900.4,-0.0171009,0.0132395,0.00240029,0.0217598,0,0,0,0
71,-60156.2,52358.5,0,79750.7,-0.0288038,0.0212196,0.00748087,0.0365499,0,0,0,0
72,-74633.3,45054.5,0,87178.2,-0.0291192,0.0159816,0.00409177,0.0334676,0,0,0,0
73,-133289,42643.3,0,139944,-0.00473917,0.00460798,-0.0026304,0.00711423,0,0,0,0
74,-116418,53424.8,0,128092,-0.00795083,0.00603776,-0.00201826,0.0101855,0,0,0,0
75,-150000,-51913.3,0,158729,0,-0.00463136,-0.00264645,0.00533416,0,0,0,0
76,-133364,-38961.4,0,138938,-0.00509312,-0.00442241,-0.0026516,0.00724766,0,0,0,0
77,-116230,-46378.6,0,125141,-0.00955407,-0.00581283,-0.00215228,0.0113887,0,0,0,0
78,-113487,-68063.5,0,132333,-0.00577707,-0.00596549,-0.00194798,0.00852973,0,0,0,0
79,-95411.5,-112988,0,147884,-5.05732e-05,-0.00310151,-0.00126825,0.00335118,0,0,0,0
80,73992.1,-150000,0,167257,0.0112774,0,-0.00155008,0.0113835,0,0,0,0
81,82443.6,-130507,0,154366,0.0126182,-0.000713304,-0.00217878,0.0128248,0,0,0,0
82,-93038.7,108746,0,143115,-0.00031386,0.00347802,-0.00116501,0.00368135,0,0,0,0
83,-93065.6,82411.8,0,124310,-0.00494675,0.00647448,-0.00101335,0.00821074,0,0,0,0
84,116151,46348.2,0,125056,0.0361511,0.00404778,-0.00824036,0.0372986,0,0,0,0
85,133307,38933.1,0,138876,0.0372196,0.00360592,-0.0131004,0.0396222,0,0,0,0
86,-73670.8,75389.3,0,105408,-0.00825243,0.00915934,0.00102507,0.0123712,0,0,0,0
87,-85338.3,66724.7,0,108327,-0.0110307,0.00944629,-3.67148e-05,0.0145227,0,0,0,0
88,-114317,73852.4,0,136097,-0.00453661,0.00576828,-0.00177871,0.00755101,0,0,0,0
89,95406,112987,0,147880,0.0153709,0.00174519,-0.00338602,0.0158359,0,0,0,0
90,12797,-102751,0,103544,0.00840459,-0.00174523,0.0028163,0.00903407,0,0,0,0
91,18548.2,-87889.1,0,89825,0.0109107,-0.00554012,0.00478436,0.0131387,0,0,0,0
92,132334,60428.6,0,145478,0.0305321,0.00411683,-0.0110634,0.0327346,0,0,0,0
93,-37929.9,-22939.1,0,44327,-0.206703,-0.105277,0.126218,0.264084,0,0,0,0
94,-33105.8,-25013.8,0,41493.2,-0.226618,-0.147765,0.168919,0.318941,0,0,0,0
95,102796,12984.2,0,103613,0.050165,0.00280788,-0.00543584,0.0505368,0,0,0,0
96,102471,-6372.45,0,102669,0.0529744,-0.00141027,-0.00528984,0.0532565,0,0,0,0
97,88928.2,1374.81,0,88938.8,0.0628183,0.000432994,-0.000788912,0.0628247,0,0,0,0
98,130534,106670,0,168575,0.0179832,0.00248247,-0.0073805,0.0195967,0,0,0,0
99,114241,114659,0,161857,0.0160593,0.00165177,-0.00516618,0.0169505,0,0,0,0
100,117567,25774.8,0,120359,0.0426292,0.00282327,-0.00932685,0.0437288,0,0,0,0
101,66989.3,-839.347,0,66994.6,0.107616,-0.000630054,0.0183239,0.109167,0,0,0,0
102,65585.9,-13590.3,0,66979.2,0.103995,-0.0150974,0.0202631,0.107021,0,0,0,0
103,57599.6,-7748.99,0,58118.5,0.145182,-0.0142432,0.0393511,0.151093,0,0,0,0
104,2765.19,50572.9,0,50648.4,0.0141417,0.0994836,0.0596598,0.11686,0,0,0,0
105,7740.23,57842.8,0,58358.3,0.0179259,0.056763,0.0302856,0.0667877,0,0,0,0
106,12532.3,49258.4,0,50827.6,0.0415794,0.101158,0.060506,0.124991,0,0,0,0
107,22228.7,133738,0,135572,0.00795115,9.75538e-05,0.000938811,0.00800697,0,0,0,0
108,10196.8,150000,0,150346,0.00699221,0,0.00120985,0.00709611,0,0,0,0
109,30775.6,150000,0,153125,0.00829305,0,0.000684309,0.00832123,0,0,0,0
110,-88035.1,35917.5,0,95080.2,-0.0266202,0.0105446,0.00135749,0.0286647,0,0,0,0
111,-22936.4,37925,0,44321.4,-0.110259,0.15318,0.118139,0.222661,0,0,0,0
112,-17869.8,33819,0,38249.9,-0.150757,0.248222,0.221312,0.365131,0,0,0,0
113,-25012,33098.4,0,41486.2,-0.161361,0.180027,0.158608,0.289142,0,0,0,0
114,32560.2,-962.573,0,32574.4,0.50138,-0.00999343,0.419455,0.653776,0,0,0,0
115,28208.6,1514.82,0,28249.2,0.618839,0.0305077,0.660796,0.905838,0,0,0,0
116,32231.6,5571.91,0,32709.6,0.493975,0.07352,0.421624,0.653593,0,0,0,0
117,20033.3,46632.8,0,50753.8,0.0644321,0.098506,0.0640497,0.134005,0,0,0,0
118,15943.5,41806.6,0,44743.6,0.08269,0.15864,0.11154,0.21082,0,0,0,0
119,-117556,33647,0,122277,-0.0114283,0.00491828,-0.00213747,0.012624,0,0,0,0
120,-102530,25272.9,0,105599,-0.0213925,0.00593678,-0.000850432,0.0222173,0,0,0,0
121,-27771.6,-6750.91,0,28580.3,-0.580798,-0.126451,0.639734,0.873256,0,0,0,0
122,-23532.5,-7530.5,0,24708.1,-0.648764,-0.185188,0.915542,1.13728,0,0,0,0
123,-26091.1,-11398.7,0,28472.4,-0.544543,-0.207185,0.645897,0.869848,0,0,0,0
124,-1828.71,-1609.4,0,2436.05,-0.102737,-0.0855838,2.56903,2.57251,0,0,0,0
125,-1384.6,-2297.12,0,2682.14,-0.0765579,-0.121505,2.56447,2.56849,0,0,0,0
126,-2286.12,-2447.71,0,3349.27,-0.128341,-0.129499,2.55045,2.55696,0,0,0,0
127,-33006.9,651.225,0,33013.4,-0.485227,0.00687913,0.399624,0.628643,0,0,0,0
128,-28457.3,3832.29,0,28714.2,-0.586875,0.0659993,0.628603,0.862508,0,0,0,0
129,-28559.5,-1555.81,0,28601.8,-0.600209,-0.0243076,0.638004,0.876294,0,0,0,0
130,-50373.7,-7193.39,0,50884.7,-0.178719,-0.0222053,0.0736762,0.194581,0,0,0,0
131,-50640.1,2718.64,0,50713,-0.185937,0.00892828,0.0740042,0.200322,0,0,0,0
132,-43943.6,-970.485,0,43954.3,-0.268352,-0.00540327,0.140034,0.30274,0,0,0,0
133,-3239.97,741.89,0,3323.82,-0.184556,0.0399554,2.54994,2.55692,0,0,0,0
134,-3918.89,1389.09,0,4157.79,-0.223597,0.0732813,2.52619,2.53713,0,0,0,0
135,-2966.09,1608.05,0,3373.94,-0.169223,0.0856988,2.54856,2.55561,0,0,0,0
136,-24190.1,6331.72,0,25005,-0.655541,0.148878,0.894328,1.1188,0,0,0,0
137,-20537.6,3891.87,0,20903.1,-0.715104,0.121756,1.25262,1.4475,0,0,0,0
138,-24652.2,1494.93,0,24697.5,-0.682622,0.0367112,0.916601,1.14345,0,0,0,0
139,-8219.34,1782.11,0,8410.32,-0.44723,0.0894337,2.32733,2.3716,0,0,0,0
140,-6803.63,2489.08,0,7244.65,-0.376894,0.127146,2.39298,2.42582,0,0,0,0
141,-7020.91,1066.51,0,7101.45,-0.389658,0.0549305,2.40021,2.43226,0,0,0,0
142,-7644.91,19648.1,0,21082.9,-0.2544,0.607344,1.24458,1.40804,0,0,0,0
143,-4022.51,20851.1,0,21235.5,-0.132014,0.642581,1.21927,1.38454,0,0,0,0
144,-4714.32,17684.6,0,18302.2,-0.180806,0.636922,1.50527,1.64444,0,0,0,0
145,-20182.3,8509.14,0,21902.8,-0.670307,0.254046,1.16537,1.36819,0,0,0,0
146,-18653.6,-2031.84,0,18763.9,-0.73169,-0.0695579,1.45731,1.63216,0,0,0,0
147,-16272.7,-584.135,0,16283.1,-0.710703,-0.0252973,1.69499,1.83813,0,0,0,0
148,-16541.2,-2965.11,0,16804.8,-0.709452,-0.115637,1.6406,1.79116,0,0,0,0
149,-19314.7,12847,0,23197,-0.587575,0.347065,1.04914,1.25156,0,0,0,0
150,-18134.4,16944.3,0,24818.7,-0.494445,0.420366,0.907473,1.11566,0,0,0,0
151,-15509.2,14180.8,0,21015,-0.542595,0.444191,1.24508,1.42897,0,0,0,0
152,-13683.9,-7418,0,15565.2,-0.613566,-0.299839,1.76417,1.89173,0,0,0,0
153,-12903.7,-4630,0,13709.2,-0.612109,-0.199873,1.92892,2.03355,0,0,0,0
154,-11211.3,-6231.61,0,12826.8,-0.549999,-0.278365,2.00256,2.09529,0,0,0,0
155,-7216.34,-14373,0,16082.9,-0.317662,-0.567197,1.7191,1.83791,0,0,0,0
156,-5321.46,-12346.7,0,13444.7,-0.255997,-0.53611,1.95828,2.04641,0,0,0,0
157,-3936.68,-15035.4,0,15542.2,-0.17319,-0.610045,1.77418,1.88411,0,0,0,0
158,10292.8,16265.4,0,19248.5,0.400485,0.549242,1.42249,1.57656,0,0,0,0
159,12360.2,13563.7,0,18350.7,0.501823,0.48697,1.50283,1.65755,0,0,0,0
160,10041.5,12978.8,0,16409.8,0.445288,0.503656,1.68541,1.81454,0,0,0,0
161,699.062,5323.54,0,5369.25,0.0453089,0.276509,2.48478,2.50053,0,0,0,0
162,2512.39,5312.94,0,5877.02,0.149041,0.272582,2.46202,2.48155,0,0,0,0
163,1676.14,3950.24,0,4291.13,0.102942,0.207456,2.52267,2.53328,0,0,0,0
164,6015.91,-39.6795,0,6016.04,0.34792,-0.00246112,2.45322,2.47777,0,0,0,0
165,4606.89,-1649.8,0,4893.39,0.271446,-0.0864574,2.50059,2.51676,0,0,0,0
166,4081.65,-15.3791,0,4081.68,0.244181,-0.00239136,2.53036,2.54212,0,0,0,0
167,5507.21,-8509.06,0,10135.8,0.295831,-0.404793,2.21651,2.27251,0,0,0,0
168,4104.85,-7142.7,0,8238.2,0.231565,-0.35293,2.34028,2.37805,0,0,0,0
169,6022.25,-6446.99,0,8822.2,0.331758,-0.316094,2.30601,2.3511,0,0,0,0
170,11.611,8707.36,0,8707.37,0.00901741,0.426339,2.31235,2.35134,0,0,0,0
171,-2583.07,8302.74,0,8695.27,-0.138058,0.40953,2.31653,2.3565,0,0,0,0
172,-1657.94,10659.2,0,10787.4,-0.0813212,0.49929,2.17117,2.22933,0,0,0,0
173,26668.2,-12665.5,0,29523,0.537255,-0.218675,0.584321,0.823342,0,0,0,0
174,25598.4,-18299.2,0,31466.4,0.43641,-0.264079,0.476456,0.697999,0,0,0,0
175,22252.6,-14984.3,0,26827.4,0.542874,-0.314471,0.760348,0.985766,0,0,0,0
176,24434.7,-1474.21,0,24479.2,0.697876,-0.0377785,0.940002,1.17135,0,0,0,0
177,20952.3,-3838.15,0,21300.9,0.732106,-0.120882,1.21571,1.42427,0,0,0,0
178,21108,324.429,0,21110.5,0.742407,0.0143294,1.2357,1.44164,0,0,0,0
179,14600.1,-7393.75,0,16365.6,0.644084,-0.287033,1.68869,1.83,0,0,0,0
180,13737.7,-10736.3,0,17435.4,0.577593,-0.400415,1.59026,1.73864,0,0,0,0
181,11759.2,-8608.78,0,14573.6,0.559028,-0.359151,1.85382,1.96931,0,0,0,0
182,3600.96,-21491.1,0,21790.7,0.128013,-0.638849,1.17349,1.34223,0,0,0,0
183,5315.28,-18353.5,0,19107.7,0.210024,-0.637059,1.43126,1.58066,0,0,0,0
184,4353.62,5028.14,0,6651.03,0.249082,0.256508,2.42377,2.45,0,0,0,0
185,3536.56,6794.36,0,7659.67,0.199305,0.338524,2.3729,2.4052,0,0,0,0
186,5526.39,6391.64,0,8449.5,0.305208,0.316812,2.32316,2.36444,0,0,0,0
187,9849.07,-6842.79,0,11992.8,0.503117,-0.313049,2.07465,2.15761,0,0,0,0
188,20532.3,-19807.2,0,28528.9,0.436897,-0.368189,0.64447,0.861269,0,0,0,0
189,17549.9,-24799.5,0,30381.2,0.324087,-0.387752,0.526995,0.730142,0,0,0,0
190,16057.6,-20102.2,0,25728.3,0.421418,-0.457889,0.832011,1.03899,0,0,0,0
191,42642.8,133289,0,139944,0.00938244,0.000309393,0.000294628,0.00939216,0,0,0,0
192,27501.3,6823.96,0,28335.3,0.598222,0.126739,0.655299,0.896297,0,0,0,0
193,23312.4,7673.86,0,24542.9,0.655254,0.197869,0.934282,1.15819,0,0,0,0
194,25890.5,11538.6,0,28345.4,0.556771,0.213982,0.653264,0.884611,0,0,0,0
195,20010.1,55152.4,0,58670.2,0.0372431,0.0550863,0.0299929,0.072946,0,0,0,0
196,-42065,15838.6,0,44948,-0.225,0.0709972,0.118904,0.264204,0,0,0,0
197,-40825.6,23344.5,0,47028.7,-0.180661,0.0872781,0.0986789,0.223592,0,0,0,0
198,-35604.9,19361.8,0,40528.9,-0.271595,0.126536,0.187495,0.353454,0,0,0,0
199,-30775.6,-150000,0,153125,0.00475134,0,0.000823571,0.00482218,0,0,0,0
200,24269.2,3197.74,0,24478.9,0.68627,0.0832979,0.941503,1.16805,0,0,0,0
201,-8485.24,-926.057,0,8535.63,-0.460412,-0.0465106,2.31903,2.36475,0,0,0,0
202,-10091.8,-2008.38,0,10289.7,-0.529217,-0.0991808,2.20306,2.2679,0,0,0,0
203,-9758.73,426.446,0,9768.05,-0.516487,0.0200327,2.23906,2.29795,0,0,0,0
204,-9717.87,8586.01,0,12967.5,-0.475592,0.381419,1.99395,2.08507,0,0,0,0
205,-8675.12,10866.7,0,13904.8,-0.41081,0.46992,1.91772,2.01674,0,0,0,0
206,-7381.9,8818.41,0,11500.3,-0.372821,0.409379,2.11559,2.18685,0,0,0,0
207,7351.74,14358.8,0,16131.5,0.327534,0.569682,1.71157,1.83338,0,0,0,0
208,7986.92,11664.3,0,14136.7,0.381895,0.492232,1.89342,1.99329,0,0,0,0
209,-63589.2,-132552,0,147016,0.00259155,-0.00110748,-7.31104e-05,0.00281922,0,0,0,0
210,-53424.8,-116418,0,128092,0.00223495,-0.0020558,0.00047859,0.00307414,0,0,0,0
211,-42643.3,-133289,0,139944,0.00387619,-0.000587193,0.000641375,0.00397254,0,0,0,0
212,-73852.4,-114317,0,136097,0.000867796,-0.00293206,-0.000372034,0.00308033,0,0,0,0
213,-85336.1,-131806,0,157019,0.00146493,-0.00137178,-0.000865118,0.00218546,0,0,0,0
214,97408.9,150000,0,178853,0.0126235,0,-0.00321188,0.0130257,0,0,0,0
215,52490.1,87108,0,101701,0.0179688,0.00603276,0.00140265,0.0190063,0,0,0,0
216,45084.8,74636.8,0,87196.9,0.023156,0.0118986,0.00427227,0.0263824,0,0,0,0
217,150000,122580,0,193716,0.016129,0.00283987,-0.0090301,0.0187017,0,0,0,0
218,150000,97408.9,0,178853,0.020515,0.00513595,-0.0110164,0.0238454,0,0,0,0
219,117533,-14287.9,0,118399,0.0450934,-0.00188383,-0.00995056,0.0462166,0,0,0,0
220,101521,-25837.1,0,104757,0.047655,-0.00493597,-0.00536454,0.0482094,0,0,0,0
221,51913.3,150000,0,158729,0.00977792,0,-0.000269553,0.00978164,0,0,0,0
222,-50112.1,60604.8,0,78639.4,-0.0219471,0.0215797,0.00775652,0.0317415,0,0,0,0
223,-46556.8,51583.5,0,69486.6,-0.0370942,0.0333542,0.0141022,0.0518397,0,0,0,0
224,150000,-10196.8,0,150346,0.0422367,-0.0016816,-0.0200797,0.046797,0,0,0,0
225,91723.2,-83140.7,0,123796,0.0226957,-0.00438896,-0.0033525,0.023358,0,0,0,0
226,-77503.6,-7872.44,0,77902.4,-0.0576487,-0.00569585,0.00767525,0.0584357,0,0,0,0
227,-132552,63589.2,0,147016,-0.0031027,0.00516375,-0.00247374,0.00651234,0,0,0,0
228,-63695.9,38105.3,0,74223.8,-0.0477759,0.0235427,0.0113954,0.054467,0,0,0,0
229,-72879.5,93556.8,0,118593,-0.00243452,0.00559381,0.000143801,0.00610232,0,0,0,0
230,51702.5,-96157.6,0,109176,0.0148164,-0.00377891,0.000768778,0.01531,0,0,0,0
231,-3774.47,58432.3,0,58554.1,0.001881,0.0558401,0.0292256,0.0630539,0,0,0,0
232,-7173.84,50345.6,0,50854.2,-0.0139371,0.10525,0.0643007,0.124122,0,0,0,0
233,-15052.3,57186.8,0,59134.6,-0.0152238,0.056258,0.0272439,0.0643347,0,0,0,0
234,88374.6,19113.8,0,90417.9,0.0578904,0.00631045,-0.000952871,0.0582411,0,0,0,0
235,77184.2,7824.79,0,77579.8,0.0786493,0.00534332,0.00553989,0.079025,0,0,0,0
236,63071.6,-38719.6,0,74008.4,0.0652345,-0.023187,0.00963983,0.0699006,0,0,0,0
237,74434.3,-30780.5,0,80547.5,0.0636962,-0.0146211,0.00472728,0.0655235,0,0,0,0
238,73265,-45546.6,0,86268.5,0.0483932,-0.0147601,0.00261553,0.0506616,0,0,0,0
239,-37576.6,60505.3,0,71224.2,-0.0211398,0.0270991,0.0122298,0.0364804,0,0,0,0
240,-35881.7,49016.4,0,60746.2,-0.0455483,0.0512592,0.0281166,0.0741127,0,0,0,0
241,54869,-20156.8,0,58454.3,0.128033,-0.0336403,0.037588,0.137611,0,0,0,0
242,-87014.2,17548.6,0,88766.1,-0.0387743,0.00711586,0.00285338,0.0395249,0,0,0,0
243,-74041.7,18886.7,0,76412.6,-0.0583208,0.0124226,0.00993809,0.0604516,0,0,0,0
244,-76897.9,7009.14,0,77216.6,-0.0586347,0.00378564,0.00809326,0.0593116,0,0,0,0
245,-133936,2011.19,0,133951,-0.00667273,0.000246428,-0.00282008,0.00724837,0,0,0,0
246,-118259,-5855.12,0,118404,-0.0143483,-0.00103003,-0.00220202,0.0145528,0,0,0,0
247,-133851,-18283.8,0,135094,-0.00617911,-0.00243274,-0.00280085,0.00720724,0,0,0,0
248,-60506.4,-37577.5,0,71225.6,-0.052578,-0.0270881,0.0143405,0.0608593,0,0,0,0
249,-60605.8,-50112.3,0,78640.4,-0.0317752,-0.0219829,0.00797479,0.0394526,0,0,0,0
250,-71150.7,-46082.7,0,84770.5,-0.0306602,-0.0174245,0.00449595,0.035551,0,0,0,0
251,-58462.2,-3800.76,0,58585.6,-0.12822,-0.00709031,0.0402509,0.134576,0,0,0,0
252,-57913.4,7673.55,0,58419.5,-0.125047,0.0136993,0.0384751,0.131548,0,0,0,0
253,-43380.7,7672.81,0,44054,-0.261274,0.0404815,0.136957,0.297759,0,0,0,0
254,66715.3,85339.7,0,108323,0.0202568,0.00572856,-0.000214567,0.0210523,0,0,0,0
255,75370.1,73674,0,105397,0.0258332,0.00719917,-0.000677061,0.0268261,0,0,0,0
256,60037.5,73509.2,0,94911,0.0255913,0.00993996,0.00175206,0.0275098,0,0,0,0
257,27526.5,46612.8,0,54133.7,0.0696953,0.0759806,0.0469402,0.113287,0,0,0,0
258,23585.9,40255.9,0,46656.6,0.105963,0.130749,0.0985792,0.195042,0,0,0,0
259,13775.7,26802.6,0,30135.5,0.251204,0.421218,0.538099,0.728064,0,0,0,0
260,11590.4,30707.1,0,32821.7,0.170772,0.372629,0.401087,0.573487,0,0,0,0
261,16264.5,30664,0,34710.4,0.20204,0.316636,0.327314,0.49821,0,0,0,0
262,-8054.46,-57688.2,0,58247.7,-0.00563326,-0.0550634,0.0304675,0.0631821,0,0,0,0
263,-19003.8,-73978.8,0,76380.7,-0.00124421,-0.0183035,0.00979406,0.0207964,0,0,0,0
264,-37843.8,3768.73,0,38031,-0.367717,0.0309918,0.249786,0.445611,0,0,0,0
265,-34104.1,26184.8,0,42996.9,-0.204214,0.132406,0.144198,0.282891,0,0,0,0
266,37663.4,3640.65,0,37838.9,0.381753,0.0333491,0.250145,0.457624,0,0,0,0
267,36335.8,11017.8,0,37969.5,0.359582,0.0891633,0.243603,0.443387,0,0,0,0
268,-43083.5,-9457.37,0,44109.3,-0.257126,-0.0485737,0.137828,0.295753,0,0,0,0
269,-37912.4,-3696.25,0,38092.2,-0.36778,-0.0328348,0.242603,0.44181,0,0,0,0
270,3796.95,37780.4,0,37970.7,0.0401434,0.270603,0.228313,0.35632,0,0,0,0
271,-943.22,43893.3,0,43903.5,-3.09333e-06,0.17111,0.117927,0.207811,0,0,0,0
272,7726.56,43265.3,0,43949.8,0.0466959,0.177225,0.123248,0.22086,0,0,0,0
273,-10851.5,36580.9,0,38156.4,-0.0883516,0.260918,0.217153,0.35077,0,0,0,0
274,-5528.13,32522.4,0,32988.9,-0.0755083,0.387079,0.39359,0.557176,0,0,0,0
275,-11365.9,30888.8,0,32913.5,-0.156135,0.374097,0.395738,0.566512,0,0,0,0
276,15401.7,-47034.6,0,49492.1,0.055362,-0.109838,0.0698505,0.141451,0,0,0,0
277,37660.5,-4109.71,0,37884.1,0.382477,-0.0341431,0.248315,0.45729,0,0,0,0
278,36880.8,-11921.8,0,38759.8,0.338458,-0.0876021,0.220001,0.413072,0,0,0,0
279,31349.7,-8253.06,0,32417.9,0.4997,-0.107583,0.437402,0.672752,0,0,0,0
280,-19021.3,24339,0,30890.1,-0.32278,0.366342,0.497374,0.696975,0,0,0,0
281,-14923.9,24218.4,0,28447.4,-0.309381,0.445314,0.638559,0.837722,0,0,0,0
282,-16485.5,20868.7,0,26594.7,-0.401153,0.449483,0.764534,0.973381,0,0,0,0
283,-24131.8,23671.2,0,33803.4,-0.319114,0.273508,0.370348,0.560177,0,0,0,0
284,-27697.6,27771.6,0,39222.7,-0.227128,0.195342,0.207703,0.364535,0,0,0,0
285,-20996.6,20093.4,0,29062,-0.420243,0.355291,0.60347,0.816708,0,0,0,0
286,-16015.2,28074.3,0,32321.1,-0.235639,0.365705,0.422525,0.60646,0,0,0,0
287,12460.5,-26429.8,0,29219.8,0.24893,-0.454751,0.595737,0.789726,0,0,0,0
288,9665.47,-30688.8,0,32174.9,0.151363,-0.407076,0.434486,0.614329,0,0,0,0
289,8651.58,-26511.5,0,27887.4,0.191916,-0.511376,0.673556,0.867187,0,0,0,0
290,13966.1,-39431,0,41831.3,0.0933876,-0.199297,0.151727,0.267323,0,0,0,0
291,8530.05,-36284,0,37273.2,0.0844006,-0.285309,0.245403,0.385678,0,0,0,0
292,13148.2,-34416.7,0,36842.7,0.136836,-0.287149,0.255234,0.407827,0,0,0,0
293,13632.9,-22878.8,0,26632.6,0.333919,-0.480204,0.767953,0.965324,0,0,0,0
294,9802.97,-22986.4,0,24989.4,0.274431,-0.549541,0.896782,1.08698,0,0,0,0
295,12241.2,-19814.2,0,23290.6,0.381169,-0.537983,1.03819,1.22986,0,0,0,0
296,12881.2,19396.3,0,23283.9,0.392135,0.522112,1.04369,1.23112,0,0,0,0
297,8548.2,20391.3,0,22110.5,0.280529,0.588819,1.14849,1.32077,0,0,0,0
298,-7981.66,-11760.3,0,14213.1,-0.378671,-0.499728,1.8894,1.99072,0,0,0,0
299,10951.9,9006.01,0,14179.3,0.526451,0.38263,1.8897,1.99863,0,0,0,0
300,11852.6,6619.94,0,13576,0.575017,0.289701,1.94176,2.04573,0,0,0,0
301,9465.17,7156.83,0,11866.3,0.485332,0.327109,2.08587,2.16642,0,0,0,0
302,-2639.57,-491.84,0,2685,-0.150455,-0.0253,2.56448,2.56901,0,0,0,0
303,1438.19,6945.39,0,7092.73,0.0849813,0.350825,2.40649,2.43342,0,0,0,0
304,-3648.16,3718.2,0,5209.04,-0.204907,0.1947,2.4873,2.50331,0,0,0,0
305,-3559.02,2496.22,0,4347.16,-0.201936,0.131674,2.51985,2.53135,0,0,0,0
306,-4465.05,3059.35,0,5412.61,-0.250842,0.159484,2.47869,2.49645,0,0,0,0
307,-2585.78,3172.34,0,4092.68,-0.144749,0.168151,2.52783,2.53755,0,0,0,0
308,-1007.11,5005.11,0,5105.43,-0.0528425,0.260585,2.49482,2.50895,0,0,0,0
309,-652.158,6748.25,0,6779.69,-0.0307472,0.345371,2.42253,2.44722,0,0,0,0
310,-3895.01,5085.69,0,6405.88,-0.215307,0.261108,2.43751,2.4609,0,0,0,0
311,-2487.98,4436.22,0,5086.26,-0.138436,0.231344,2.49396,2.50848,0,0,0,0
312,-5089.61,8679.58,0,10061.8,-0.265115,0.415412,2.22026,2.2743,0,0,0,0
313,-4320.24,6764.67,0,8026.53,-0.23397,0.338789,2.35107,2.38685,0,0,0,0
314,-6335.16,6974.25,0,9422.01,-0.33458,0.339176,2.26445,2.31403,0,0,0,0
315,67035.1,60148.5,0,90064.1,0.0351343,0.0128764,0.00250274,0.0375032,0,0,0,0
316,52458.4,60191,0,79842.6,0.0364644,0.0190203,0.00663765,0.0416591,0,0,0,0
317,116544,-34325.4,0,121494,0.0403147,-0.00367469,-0.0090601,0.0414833,0,0,0,0
318,51732.3,-44515.5,0,68248.5,0.0631273,-0.0314688,0.0158474,0.0722944,0,0,0,0
319,54150.8,-32579.8,0,63196.1,0.0944379,-0.0377094,0.0244504,0.104586,0,0,0,0
320,-82411.8,-93065.5,0,124310,-0.00270583,-0.00552108,-0.000476682,0.00616694,0,0,0,0
321,-62286.5,-99594.1,0,117467,-0.0007017,-0.00463168,0.000576297,0.00471985,0,0,0,0
322,-52495.7,-87106,0,101702,-0.00338983,-0.00757257,0.00196562,0.00852634,0,0,0,0
323,-43964.6,-101796,0,110884,0.00140029,-0.00370664,0.00140769,0.00420495,0,0,0,0
324,-25311.1,-102518,0,105597,0.00338058,-0.00288286,0.00224615,0.00497839,0,0,0,0
325,-6232.71,-102947,0,103135,0.00590046,-0.00213264,0.00268081,0.00682278,0,0,0,0
326,66858.9,-72572.2,0,98675.4,0.0262698,-0.0089419,0.000456541,0.0277537,0,0,0,0
327,71423.6,-87508.1,0,112956,0.019555,-0.0050023,-0.000814143,0.0202011,0,0,0,0
328,54682.7,-79093.6,0,96156.1,0.0210899,-0.00815098,0.00201395,0.0226997,0,0,0,0
329,122580,-150000,0,193716,0.0135132,0,-0.00536558,0.0145394,0,0,0,0
330,103955,-126475,0,163715,0.0141726,-0.000955152,-0.00387835,0.0147247,0,0,0,0
331,89336.4,-113442,0,144395,0.015091,-0.00164284,-0.00279322,0.015435,0,0,0,0
332,36459.8,-82673.8,0,90356.4,0.0167674,-0.00827303,0.00384151,0.0190879,0,0,0,0
333,80242.4,-70531.7,0,106834,0.0279292,-0.00752958,-0.00135309,0.028958,0,0,0,0
334,-150000,122580,0,193716,0,0.00206839,-0.00203666,0.00290279,0,0,0,0
335,-51913.3,-150000,0,158729,0.00353607,0,0.000228992,0.00354348,0,0,0,0
336,-132360,-60440,0,145507,-0.00323986,-0.00516687,-0.00255571,0.00661248,0,0,0,0
337,-117728,-25849,0,120532,-0.0124103,-0.00420835,-0.00236716,0.0133165,0,0,0,0
338,-75368.9,30334.8,0,81244.6,-0.043468,0.0153744,0.00639889,0.0465487,0,0,0,0
339,-64882,25540.4,0,69727.9,-0.0685659,0.022217,0.0151284,0.0736461,0,0,0,0
340,-150000,-10196.8,0,150346,0,-0.00125756,-0.00282893,0.00309586,0,0,0,0
341,-150000,-30775.6,0,153125,0,-0.00340816,-0.00279852,0.00440991,0,0,0,0
342,-133738,22229,0,135572,-0.00613123,0.0028908,-0.00270013,0.00729654,0,0,0,0
343,-150000,10196.8,0,150346,0,0.00126673,-0.00280391,0.00307677,0,0,0,0
344,-66724.7,-85338.3,0,108327,-0.00461303,-0.0073929,0.000963881,0.00876722,0,0,0,0
345,-75389.3,-73670.8,0,105408,-0.00883971,-0.00935104,0.000926696,0.0129012,0,0,0,0
346,-60032.3,-73500.7,0,94901.2,-0.00974035,-0.0115561,0.00260761,0.0153368,0,0,0,0
347,73992.1,150000,0,167257,0.0112644,0,-0.00151124,0.0113654,0,0,0,0
348,107396,131396,0,169702,0.0138661,0.00081523,-0.00422849,0.0145194,0,0,0,0
349,73848.7,114316,0,136095,0.0135334,0.0016939,-0.00152685,0.0137242,0,0,0,0
350,53422.9,116418,0,128091,0.0114886,0.0012205,-6.86877e-05,0.0115534,0,0,0,0
351,-57148.5,81834.5,0,99814,-0.00527437,0.00867689,0.00238342,0.0104302,0,0,0,0
352,-68063.5,113487,0,132333,0.00116222,0.00296371,-0.00012736,0.00318599,0,0,0,0
353,38235.2,63678.9,0,74276,0.0307979,0.0231571,0.00998737,0.0398059,0,0,0,0
354,42839.2,52348.3,0,67642.7,0.0501655,0.0338368,0.015935,0.0625733,0,0,0,0
355,31997.1,54661.9,0,63338.3,0.0450921,0.0433114,0.0216289,0.0661588,0,0,0,0
356,62281,99594.2,0,117465,0.0154414,0.00322462,-0.000303038,0.0157774,0,0,0,0
357,101337,32391.7,0,106388,0.044375,0.00529803,-0.0051826,0.0449897,0,0,0,0
358,84125.9,37650,0,92166.6,0.0490318,0.0100679,-0.000585481,0.0500582,0,0,0,0
359,86220.6,-17894.5,0,88058,0.0619682,-0.00640848,-0.000222844,0.0622991,0,0,0,0
360,86622.4,-36622.3,0,94045.9,0.0490087,-0.00927738,-0.000793313,0.0498854,0,0,0,0
361,126787,-114175,0,170620,0.0167643,-0.00208063,-0.00668835,0.0181688,0,0,0,0
362,76387.3,-7152.34,0,76721.4,0.0796636,-0.00397917,0.00645765,0.0800239,0,0,0,0
363,114717,-54649.4,0,127069,0.0332101,-0.0042237,-0.0076972,0.0343511,0,0,0,0
364,133331,-22515.8,0,135218,0.0416304,-0.00240141,-0.0141185,0.0440249,0,0,0,0
365,73361.2,-19162.3,0,75822.6,0.0785805,-0.0118892,0.00807173,0.0798837,0,0,0,0
366,35674.3,-19441.1,0,40627.7,0.281212,-0.123353,0.180779,0.356339,0,0,0,0
367,29527.5,-22230.6,0,36960.4,0.315963,-0.196078,0.263403,0.455698,0,0,0,0
368,30959,-15531.2,0,34636.4,0.402557,-0.170047,0.344076,0.556198,0,0,0,0
369,43796,931.342,0,43805.9,0.281648,0.00473934,0.140487,0.314777,0,0,0,0
370,64236.2,-25948,0,69279.1,0.0861878,-0.021824,0.0151292,0.090186,0,0,0,0
371,21452.6,12012.5,0,24586.8,0.606085,0.290954,0.929061,1.1468,0,0,0,0
372,18115.4,10929.7,0,21157.2,0.636771,0.337903,1.23164,1.42709,0,0,0,0
373,17836,14183.6,0,22788.1,0.570692,0.400887,1.08545,1.29019,0,0,0,0
374,6874.16,32322.7,0,33045.6,0.09646,0.368963,0.374485,0.534487,0,0,0,0
375,694.282,32990.6,0,32997.9,0.0130948,0.382978,0.376689,0.537344,0,0,0,0
376,-51913.3,150000,0,158729,0.00355252,0,0.000266529,0.0035625,0,0,0,0
377,-60440,132360,0,145507,0.00280109,0.00106971,1.46658e-05,0.00299843,0,0,0,0
378,-37655.2,84239.2,0,92272.1,-0.00248869,0.00868878,0.00390368,0.00984516,0,0,0,0
379,-46082.6,71150.6,0,84770.4,-0.0099151,0.0143125,0.00496556,0.0181056,0,0,0,0
380,-28093.6,-16030.1,0,32345.2,-0.430011,-0.214334,0.432408,0.646394,0,0,0,0
381,18150.6,-34987.2,0,39415.1,0.151455,-0.231027,0.198529,0.340185,0,0,0,0
382,15361.4,-30256.9,0,33933.1,0.206676,-0.339517,0.360292,0.536467,0,0,0,0
383,21095.2,-29644.9,0,36384.4,0.229894,-0.265043,0.273015,0.444563,0,0,0,0
384,23620.8,-24000.7,0,33674.6,0.328962,-0.285146,0.375974,0.575223,0,0,0,0
385,58245.7,3836.79,0,58371.9,0.145828,0.0060075,0.0404082,0.151442,0,0,0,0
386,75421.5,22510,0,78708.9,0.06958,0.0117594,0.00549095,0.07078,0,0,0,0
387,13476.4,66031.8,0,67392.9,0.0172726,0.0293493,0.0154296,0.0373871,0,0,0,0
388,11746.9,36000.5,0,37868.6,0.113108,0.272038,0.236901,0.378047,0,0,0,0
389,-66079.2,13415.5,0,67427.2,-0.0832358,0.0144456,0.0202096,0.0868637,0,0,0,0
390,-55313,19840.5,0,58763.7,-0.112182,0.0343026,0.0388295,0.123569,0,0,0,0
391,-101493,-32441,0,106552,-0.0195215,-0.00697455,-0.000840791,0.020747,0,0,0,0
392,-49407.3,12428.9,0,50946.7,-0.173135,0.0367226,0.07174,0.190973,0,0,0,0
393,-46942.7,19827.3,0,50958.3,-0.158592,0.0574189,0.0699793,0.182608,0,0,0,0
394,-57198.5,-15062.2,0,59148.5,-0.116159,-0.0259656,0.0377883,0.124881,0,0,0,0
395,-48360.3,-16861.3,0,51215.5,-0.162067,-0.0496395,0.068774,0.182919,0,0,0,0
396,-36595.7,-10865.9,0,38174.8,-0.347556,-0.0909484,0.237741,0.430799,0,0,0,0
397,-32538,-5569.6,0,33011.2,-0.480549,-0.0722149,0.410687,0.636244,0,0,0,0
398,-4920.12,952.616,0,5011.49,-0.278348,0.0504889,2.4961,2.51208,0,0,0,0
399,-4704.86,2090.63,0,5148.44,-0.265757,0.110097,2.49016,2.50672,0,0,0,0
400,-1320.93,-1107.35,0,1723.68,-0.0730438,-0.0589188,2.58049,2.58219,0,0,0,0
401,-986.795,-1662.13,0,1932.99,-0.0529862,-0.0882027,2.57784,2.57989,0,0,0,0
402,-11952.9,-728.06,0,11975,-0.600901,-0.0352156,2.07417,2.15975,0,0,0,0
403,-4973.01,-176.008,0,4976.12,-0.282071,-0.00901541,2.49699,2.51289,0,0,0,0
404,-4813.56,-1088.74,0,4935.15,-0.273176,-0.0563732,2.49862,2.51414,0,0,0,0
405,-269.056,-385.444,0,470.062,-0.0106084,-0.0200625,2.59176,2.59186,0,0,0,0
406,-980.546,240.634,0,1009.64,-0.0526945,0.0131324,2.58864,2.58921,0,0,0,0
407,-213.037,655.184,0,688.949,-0.00711534,0.0362963,2.59035,2.59062,0,0,0,0
408,-4086.12,366.199,0,4102.5,-0.233311,0.0198324,2.52785,2.53867,0,0,0,0
409,-4088.54,-611.414,0,4134,-0.23268,-0.0320455,2.52632,2.53721,0,0,0,0
410,780.646,1114.29,0,1360.54,0.0521034,0.0604018,2.58499,2.58622,0,0,0,0
411,-202.657,1646.49,0,1658.91,-0.00628743,0.0877864,2.58158,2.58308,0,0,0,0
412,150000,-97408.9,0,178853,0.0204415,-0.00508161,-0.0109461,0.0237381,0,0,0,0
413,24474.1,-34762.7,0,42513.8,0.152072,-0.170145,0.13986,0.267649,0,0,0,0
414,29525.5,-52812.9,0,60505.8,0.050708,-0.052045,0.0271648,0.0775752,0,0,0,0
415,24441,-46747.4,0,52751.1,0.0662016,-0.084416,0.0513754,0.118946,0,0,0,0
416,31471.8,-45616.7,0,55419.8,0.0745411,-0.0702268,0.0431589,0.111134,0,0,0,0
417,-97408.9,150000,0,178853,0.00139955,0,-0.00118174,0.00183173,0,0,0,0
418,6037.7,-24218.2,0,24959.5,0.17454,-0.582173,0.897097,1.08359,0,0,0,0
419,-83259,130899,0,155134,0.00160441,0.0013981,-0.00079975,0.00227342,0,0,0,0
420,23215.4,-10369.8,0,25426.1,0.622671,-0.248279,0.861803,1.09182,0,0,0,0
421,26617.6,-8275.83,0,27874.5,0.588566,-0.157636,0.68631,0.917759,0,0,0,0
422,-11672,1716.81,0,11797.6,-0.588625,0.0790921,2.08687,2.16974,0,0,0,0
423,-6665.02,27739.9,0,28529.4,-0.132088,0.499411,0.629189,0.814087,0,0,0,0
424,-15805.1,2126.72,0,15947.5,-0.700609,0.0879221,1.72325,1.86231,0,0,0,0
425,-13906.9,566.486,0,13918.4,-0.659975,0.0243248,1.90908,2.02008,0,0,0,0
426,748.623,-728.752,0,1044.76,0.0507918,-0.0388237,2.58735,2.58814,0,0,0,0
427,-69.2762,-1487.81,0,1489.43,0.000967512,-0.078751,2.58371,2.58491,0,0,0,0
428,-14162.6,-2297.71,0,14347.8,-0.664422,-0.0988975,1.87022,1.9872,0,0,0,0
429,-27701.6,8967.48,0,29116.9,-0.55255,0.154616,0.606867,0.835168,0,0,0,0
430,-23450.5,11073.8,0,25933.7,-0.598455,0.248985,0.824795,1.04901,0,0,0,0
431,-1999.9,1683.27,0,2614,-0.112284,0.090471,2.56591,2.56996,0,0,0,0
432,-1120.23,1137.74,0,1596.67,-0.0606954,0.0614273,2.58257,2.58402,0,0,0,0
433,-1827.67,952.402,0,2060.94,-0.102684,0.051617,2.5759,2.57847,0,0,0,0
434,-5506.2,2897.18,0,6221.88,-0.308343,0.150181,2.44387,2.46782,0,0,0,0
435,-8129.8,408.791,0,8140.07,-0.445292,0.0217107,2.3425,2.38455,0,0,0,0
436,-7136.8,-311.808,0,7143.61,-0.396017,-0.0151365,2.39933,2.43184,0,0,0,0
437,16956.9,18196,0,24872.3,0.468701,0.447883,0.900631,1.10969,0,0,0,0
438,-229.198,-21537,0,21538.2,-0.0058149,-0.648043,1.19909,1.36302,0,0,0,0
439,-2226.92,-18165.5,0,18301.5,-0.0858791,-0.649514,1.50903,1.64512,0,0,0,0
440,1553.99,-18435.9,0,18501.3,0.0670906,-0.65465,1.49092,1.6297,0,0,0,0
441,-8582.67,-20395.2,0,22127.5,-0.268565,-0.596014,1.13794,1.31235,0,0,0,0
442,-12874.8,-19379.5,0,23266.4,-0.383941,-0.524238,1.04405,1.22975,0,0,0,0
443,-10153.2,-16233,0,19146.7,-0.386209,-0.557451,1.42451,1.5777,0,0,0,0
444,-2650.41,233.542,0,2660.68,-0.15072,0.0132165,2.56442,2.56888,0,0,0,0
445,-10786.6,-4098.45,0,11538.9,-0.548516,-0.190228,2.10607,2.18463,0,0,0,0
446,-12000.7,-2754.92,0,12312.8,-0.598421,-0.122789,2.04257,2.13197,0,0,0,0
447,-1821.9,-6499.01,0,6749.55,-0.098417,-0.329176,2.42255,2.44679,0,0,0,0
448,-559.576,-5563.47,0,5591.54,-0.0276359,-0.287486,2.47436,2.49116,0,0,0,0
449,301.212,-6831.7,0,6838.34,0.0195828,-0.346438,2.41863,2.44339,0,0,0,0
450,4206.73,21130.2,0,21544.9,0.149785,0.63002,1.19717,1.36109,0,0,0,0
451,2291.75,18179.8,0,18323.7,0.0912952,0.650338,1.50654,1.64345,0,0,0,0
452,-20.3691,21315,0,21315,-0.00179673,0.649516,1.21654,1.37908,0,0,0,0
453,-1518.89,548.069,0,1614.75,-0.0845714,0.0297261,2.58154,2.58309,0,0,0,0
454,23932.2,-6003.16,0,24673.6,0.678855,-0.153304,0.918268,1.1522,0,0,0,0
455,-4009.34,-1662.01,0,4340.17,-0.227827,-0.087123,2.5196,2.53138,0,0,0,0
456,-3266.46,-986.92,0,3412.29,-0.186111,-0.0524129,2.54834,2.55567,0,0,0,0
457,-2986.58,-1790.91,0,3482.39,-0.169874,-0.094184,2.54561,2.55301,0,0,0,0
458,-4219.41,-3658.36,0,5584.54,-0.235927,-0.190714,2.4744,2.49293,0,0,0,0
459,-5089.35,-2865.31,0,5840.5,-0.286424,-0.148517,2.4619,2.48295,0,0,0,0
460,-4360.63,-2552.87,0,5052.94,-0.246518,-0.132872,2.49442,2.51009,0,0,0,0
461,8798.2,-19282.4,0,21194.8,0.315052,-0.595444,1.23131,1.40355,0,0,0,0
462,1012.54,-1790.1,0,2056.62,0.065589,-0.0946949,2.57429,2.57686,0,0,0,0
463,-9444.35,43062.4,0,44085.9,-0.0421676,0.173014,0.122626,0.216215,0,0,0,0
464,-16853.6,48349.5,0,51202.7,-0.0402302,0.0966289,0.060658,0.120975,0,0,0,0
465,19439.6,-12116.9,0,22906.7,0.611593,-0.335874,1.081,1.28663,0,0,0,0
466,18064.9,-16217.3,0,24276.3,0.520241,-0.413886,0.952563,1.16161,0,0,0,0
467,15823.9,-13248.7,0,20637.9,0.572077,-0.427253,1.28181,1.46726,0,0,0,0
468,-21348.2,-497.171,0,21354,-0.731436,-0.0174855,1.21226,1.41594,0,0,0,0
469,-21051.3,-4319.73,0,21489.9,-0.713064,-0.130991,1.19715,1.39956,0,0,0,0
470,-15385.5,-4965.05,0,16166.8,-0.674944,-0.196601,1.70416,1.84347,0,0,0,0
471,-17343.9,40733.8,0,44272.5,-0.0797369,0.157648,0.114101,0.210309,0,0,0,0
472,-2493.76,6087.71,0,6578.68,-0.135102,0.311567,2.43126,2.45486,0,0,0,0
473,20685.7,4384.35,0,21145.3,0.722326,0.132433,1.23558,1.43734,0,0,0,0
474,6447.83,24367.1,0,25205.7,0.182243,0.577401,0.874281,1.06347,0,0,0,0
475,11102.1,23528,0,26015.8,0.286456,0.520488,0.816681,1.00992,0,0,0,0
476,-5826.2,1649.96,0,6055.33,-0.328018,0.0858119,2.4516,2.47493,0,0,0,0
477,-5971.99,358.836,0,5982.76,-0.336235,0.0189901,2.45502,2.47801,0,0,0,0
478,-4893.01,4024.66,0,6335.57,-0.272348,0.207615,2.43924,2.46317,0,0,0,0
479,-9030.9,-3630.73,0,9733.42,-0.478944,-0.174832,2.24014,2.29743,0,0,0,0
480,-7321.56,-3347.18,0,8050.39,-0.400858,-0.164909,2.34888,2.38854,0,0,0,0
481,-8040.48,-4663.01,0,9294.78,-0.430005,-0.2266,2.26924,2.32071,0,0,0,0
482,-1258.74,-3329.03,0,3559.05,-0.0685555,-0.175094,2.54504,2.55198,0,0,0,0
483,-557.114,-2411.04,0,2474.57,-0.0276061,-0.127978,2.56928,2.57261,0,0,0,0
484,-3430.68,-2632.97,0,4324.59,-0.194665,-0.138743,2.52068,2.53199,0,0,0,0
485,884.534,-8809.14,0,8853.43,0.0514621,-0.431239,2.30444,2.34501,0,0,0,0
486,2199.44,-7337.5,0,7660.05,0.128917,-0.367869,2.37602,2.40778,0,0,0,0
487,-1107.68,2209.06,0,2471.21,-0.0593982,0.119324,2.56906,2.57251,0,0,0,0
488,1850.5,-977.347,0,2092.74,0.114315,-0.0512321,2.57435,2.5774,0,0,0,0
489,-6064.59,-2444.56,0,6538.74,-0.339055,-0.124579,2.42939,2.4561,0,0,0,0
490,-5727.98,-3719.39,0,6829.61,-0.319327,-0.187999,2.41674,2.44499,0,0,0,0
491,10866.8,-16723.8,0,19944.3,0.414399,-0.556907,1.34734,1.51565,0,0,0,0
492,7835.61,-16352.9,0,18133.2,0.326693,-0.596803,1.52232,1.66744,0,0,0,0
493,9533.04,-14060.4,0,16987.4,0.407895,-0.541633,1.63304,1.76821,0,0,0,0
494,1426.03,131.889,0,1432.12,0.0896771,0.00636113,2.58373,2.58529,0,0,0,0
495,-2138.76,-24904.7,0,24996.3,-0.0560582,-0.594135,0.887402,1.0694,0,0,0,0
496,2190.12,-24847.3,0,24943.7,0.0584909,-0.591069,0.89877,1.0773,0,0,0,0
497,14260.2,15570.2,0,21113.6,0.504504,0.487223,1.23677,1.4218,0,0,0,0
498,17989.1,1726.68,0,18071.8,0.733702,0.0640404,1.52446,1.69304,0,0,0,0
499,-12985.9,-10338.7,0,16598.8,-0.560831,-0.404026,1.66498,1.80276,0,0,0,0
500,-11085.7,-8633.42,0,14050.9,-0.522661,-0.371846,1.89919,2.00459,0,0,0,0
501,19634.8,8127.69,0,21250.5,0.68136,0.247241,1.22411,1.42261,0,0,0,0
502,17440.4,5271.88,0,18219.8,0.709575,0.191789,1.50553,1.67539,0,0,0,0
503,2329.83,2499.26,0,3416.79,0.14115,0.133561,2.54706,2.55446,0,0,0,0
504,1339.92,1942.32,0,2359.66,0.0852202,0.103573,2.56964,2.57314,0,0,0,0
505,1001.38,2846.16,0,3017.18,0.0638487,0.151652,2.5563,2.56159,0,0,0,0
506,-3965.99,-6640.09,0,7734.33,-0.217173,-0.333327,2.36784,2.40102,0,0,0,0
507,2101.42,-2219.37,0,3056.4,0.128567,-0.115353,2.5559,2.56173,0,0,0,0
508,1095.49,-2893.12,0,3093.59,0.0699675,-0.151467,2.55465,2.56009,0,0,0,0
509,-10566.9,6387.74,0,12347.5,-0.525942,0.28993,2.04453,2.13091,0,0,0,0
510,-8412.66,6842.5,0,10844,-0.434806,0.321918,2.1622,2.22885,0,0,0,0
511,1977.5,1175.41,0,2300.45,0.121694,0.0618337,2.57175,2.57537,0,0,0,0
512,165.214,3889.14,0,3892.65,0.0159005,0.204969,2.53436,2.54268,0,0,0,0
513,-11349.7,26048.1,0,28413.3,-0.229611,0.47698,0.639476,0.830157,0,0,0,0
514,-7400.55,23438.7,0,24579.3,-0.207383,0.566993,0.933065,1.11135,0,0,0,0
515,-11765.2,21427.6,0,24445.1,-0.33244,0.532521,0.939167,1.12966,0,0,0,0
516,-16421.2,-30799.9,0,34904,-0.190698,-0.312045,0.320956,0.48657,0,0,0,0
517,-13912,-26859.9,0,30249,-0.24879,-0.421038,0.530702,0.721675,0,0,0,0
518,-11801,-30779.3,0,32964,-0.157975,-0.369688,0.39038,0.560377,0,0,0,0
519,-5509.78,5360.97,0,7687.5,-0.302563,0.270031,2.36974,2.40419,0,0,0,0
520,18049.6,-2010.57,0,18161.3,0.732537,-0.0747915,1.51845,1.68757,0,0,0,0
521,3269.13,1293.47,0,3515.72,0.197667,0.0673743,2.54454,2.5531,0,0,0,0
522,2634.6,53.3954,0,2635.14,0.160483,0.00223399,2.56451,2.56953,0,0,0,0
523,3116.32,-1270.94,0,3365.52,0.187493,-0.0658879,2.54852,2.55626,0,0,0,0
524,2130.2,-3545.81,0,4136.49,0.129755,-0.185076,2.52611,2.5362,0,0,0,0
525,14991,11826.5,0,19094.4,0.588775,0.406447,1.43071,1.59962,0,0,0,0
526,-9254.59,-7279.14,0,11774.3,-0.467049,-0.335502,2.0897,2.16738,0,0,0,0
527,3258.48,3767.55,0,4981.18,0.191532,0.195654,2.49508,2.51006,0,0,0,0
528,-14506.7,7531.99,0,16345.5,-0.630134,0.294459,1.68686,1.82463,0,0,0,0
529,-12040.5,8082.58,0,14501.7,-0.560317,0.342651,1.85689,1.96962,0,0,0,0
530,-12834.8,5704.33,0,14045.4,-0.608278,0.242689,1.89715,2.00701,0,0,0,0
531,14264.7,-16711.8,0,21972,0.480861,-0.492153,1.15639,1.34562,0,0,0,0
532,4805.39,3282.95,0,5819.75,0.277891,0.169291,2.46251,2.48392,0,0,0,0
533,4742.95,1549.51,0,4989.65,0.279514,0.0796837,2.49937,2.51621,0,0,0,0
534,3689.39,2481.13,0,4446.07,0.218225,0.129179,2.51336,2.52612,0,0,0,0
535,16937.9,-9587.35,0,19463,0.647698,-0.324275,1.39547,1.57226,0,0,0,0
536,-13143.5,12106.2,0,17869.2,-0.533548,0.448971,1.54734,1.69721,0,0,0,0
537,-10351.9,12871.6,0,16517.8,-0.446966,0.504256,1.67333,1.80391,0,0,0,0
538,-11224,10393.4,0,15297.1,-0.509198,0.423698,1.78846,1.90719,0,0,0,0
539,-10442.6,-11098.1,0,15238.7,-0.472326,-0.455979,1.79068,1.90724,0,0,0,0
540,-16198.4,10248.2,0,19168,-0.611827,0.353681,1.42513,1.59073,0,0,0,0
541,-13417.5,9700.06,0,16556.6,-0.579528,0.377942,1.66303,1.80121,0,0,0,0
542,-4961.94,-5083.56,0,7103.76,-0.274099,-0.257897,2.40268,2.43198,0,0,0,0
543,2446.49,8694.38,0,9032.03,0.138636,0.422797,2.29186,2.33465,0,0,0,0
544,12508.2,-13862.7,0,18671.6,0.495411,-0.492373,1.47521,1.63221,0,0,0,0
545,938.795,-4076.9,0,4183.6,0.0612535,-0.212826,2.52711,2.5368,0,0,0,0
546,-299.173,-4405.03,0,4415.18,-0.0121679,-0.231147,2.51883,2.52944,0,0,0,0
547,40.9073,-3261.82,0,3262.08,0.00756591,-0.172094,2.55294,2.55874,0,0,0,0
548,6145.92,17596.1,0,18638.6,0.246748,0.619697,1.47784,1.6214,0,0,0,0
549,150000,73992.1,0,167257,0.0264407,0.00653222,-0.0135518,0.030421,0,0,0,0
550,130887,83254.7,0,155122,0.0236422,0.00367169,-0.00895843,0.0255478,0,0,0,0
551,-6094.63,-17571.4,0,18598.4,-0.24183,-0.615589,1.48148,1.62241,0,0,0,0
552,15112.1,-3946.16,0,15618.9,0.685043,-0.159961,1.75674,1.89235,0,0,0,0
553,15281.7,-481.375,0,15289.3,0.696905,-0.0182886,1.78944,1.92044,0,0,0,0
554,-12115.9,-13111.4,0,17852.3,-0.496167,-0.484697,1.54408,1.69272,0,0,0,0
555,-9608.42,-13310.4,0,16416.1,-0.417544,-0.52207,1.68029,1.80839,0,0,0,0
556,-1383.21,18198.2,0,18250.7,-0.0517305,0.653133,1.51205,1.64789,0,0,0,0
557,-2528.67,15425.9,0,15631.7,-0.108491,0.623462,1.7595,1.86984,0,0,0,0
558,6254.79,-2283.96,0,6658.74,0.35778,-0.115567,2.42496,2.45394,0,0,0,0
559,4741.18,-3459.48,0,5869.14,0.274809,-0.176341,2.45864,2.48023,0,0,0,0
560,12016.6,11180.1,0,16413.2,0.534248,0.438033,1.68221,1.81855,0,0,0,0
561,9967.8,10840.8,0,14726.9,0.468485,0.453933,1.83835,1.95066,0,0,0,0
562,-659.504,13028.5,0,13045.2,-0.0281959,0.578101,1.99165,2.07404,0,0,0,0
563,-3898.27,12726.4,0,13310,-0.186219,0.55866,1.96922,2.05538,0,0,0,0
564,-265.947,-15123.8,0,15126.2,-0.00689785,-0.623767,1.81122,1.91564,0,0,0,0
565,1050.61,10775.2,0,10826.3,0.0563896,0.50272,2.17005,2.22824,0,0,0,0
566,6408.73,2288.38,0,6805.03,0.365931,0.11849,2.41968,2.45006,0,0,0,0
567,9970.37,-950.244,0,10015.5,0.533592,-0.0447028,2.22396,2.28751,0,0,0,0
568,8139,954.453,0,8194.78,0.45325,0.0488033,2.34308,2.38701,0,0,0,0
569,10290.9,2154.97,0,10514.1,0.543791,0.10252,2.18796,2.25686,0,0,0,0
570,-5193.24,15198.6,0,16061.3,-0.226432,0.603076,1.72145,1.83803,0,0,0,0
571,8077.24,-3043.28,0,8631.53,0.443772,-0.149091,2.31517,2.36202,0,0,0,0
572,6291.74,-4347.59,0,7647.71,0.353249,-0.216838,2.37334,2.40926,0,0,0,0
573,2379.84,12926.7,0,13144,0.120437,0.567282,1.98747,2.07035,0,0,0,0
574,6919.69,-9983.58,0,12147.2,0.352989,-0.454431,2.06508,2.14375,0,0,0,0
575,5075.58,-10252.9,0,11440.5,0.266988,-0.474034,2.11784,2.1866,0,0,0,0
576,695.369,15513.2,0,15528.7,0.0411905,0.626014,1.77158,1.87938,0,0,0,0
577,8663.34,9369.4,0,12760.8,0.4322,0.41776,2.01263,2.10047,0,0,0,0
578,-2422.86,-12592.7,0,12823.7,-0.113578,-0.559456,2.01306,2.09244,0,0,0,0
579,-39.3482,-12448.7,0,12448.8,0.000120618,-0.557056,2.04145,2.11609,0,0,0,0
580,3742.51,10535.4,0,11180.3,0.195862,0.48747,2.1405,2.20402,0,0,0,0
581,7589.47,-7813.11,0,10892.4,0.402999,-0.361931,2.16631,2.23301,0,0,0,0
582,5339.48,12447.1,0,13544,0.263707,0.540384,1.95029,2.04088,0,0,0,0
583,4809.15,8332.69,0,9620.89,0.259861,0.40456,2.25155,2.30232,0,0,0,0
584,5911.73,-11897.8,0,13285.6,0.295264,-0.521721,1.96692,2.05625,0,0,0,0
585,3739.31,-11557.8,0,12147.7,0.193718,-0.523762,2.0673,2.14139,0,0,0,0
586,12453.9,3885.57,0,13046,0.615754,0.169199,1.98652,2.08663,0,0,0,0
587,10093.1,4801.17,0,11176.9,0.526905,0.221164,2.13526,2.2104,0,0,0,0
588,6329.38,4575.03,0,7809.74,0.356652,0.227202,2.36057,2.39815,0,0,0,0
589,6753,6026.81,0,9051.26,0.370576,0.29264,2.28536,2.33363,0,0,0,0
590,8247.16,3394.89,0,8918.57,0.451276,0.165423,2.29525,2.34503,0,0,0,0
591,8006.67,-5445.27,0,9682.85,0.432054,-0.260813,2.24675,2.30273,0,0,0,0
592,8025.67,5586.61,0,9778.63,0.432726,0.267099,2.23637,2.29345,0,0,0,0
593,2011.05,133936,0,133951,0.00656837,-2.89239e-05,0.00141709,0.00671955,0,0,0,0
594,71231.9,33733.5,0,78815.8,0.0630604,0.0165194,0.00598289,0.0654622,0,0,0,0
595,64313.6,24607.4,0,68860.4,0.0880819,0.0216607,0.0151291,0.0919592,0,0,0,0
596,60578.2,37728.5,0,71366.4,0.0682978,0.0259098,0.0122423,0.074066,0,0,0,0
597,36735,45241.6,0,58277.5,0.0732739,0.0589272,0.0344058,0.100126,0,0,0,0
598,-60124.8,67028,0,90043,-0.0135561,0.0141042,0.00423823,0.0200165,0,0,0,0
599,-25805,18733.6,0,31888,-0.414079,0.262789,0.454237,0.668469,0,0,0,0
600,-29685.2,22144.7,0,37035.1,-0.300906,0.193135,0.264204,0.444578,0,0,0,0
601,43947.5,26844.4,0,51497.6,0.152848,0.0712834,0.0651165,0.180787,0,0,0,0
602,36288.2,30148.7,0,47178.2,0.163522,0.103707,0.0953847,0.215854,0,0,0,0
603,40476,36603.1,0,54571.9,0.111772,0.0692512,0.0498037,0.140603,0,0,0,0
604,-36140.5,11723.3,0,37994.4,-0.35353,0.0980383,0.252616,0.445432,0,0,0,0
605,-30805.5,16309.9,0,34856.8,-0.385802,0.174982,0.335513,0.540399,0,0,0,0
606,-1476.62,-32967.5,0,33000.6,-0.015241,-0.384852,0.379796,0.540915,0,0,0,0
607,606.334,-28672.7,0,28679.1,0.0184358,-0.506778,0.622329,0.802781,0,0,0,0
608,4174.16,-32455,0,32722.4,0.0615047,-0.397289,0.403151,0.569344,0,0,0,0
609,-40742.5,-17349.7,0,44282.8,-0.230422,-0.0852712,0.130768,0.278327,0,0,0,0
610,-24255,-14947.4,0,28490.9,-0.511031,-0.276682,0.640476,0.864821,0,0,0,0
611,-21506.5,-11818.1,0,24539.7,-0.59781,-0.292299,0.936628,1.14895,0,0,0,0
612,-16021.8,-42015.4,0,44966.6,-0.0719469,-0.158054,0.111841,0.206557,0,0,0,0
613,2426.3,-37664.7,0,37742.8,0.0294734,-0.280477,0.226099,0.361465,0,0,0,0
614,15096.1,2877.08,0,15367.8,0.692605,0.116642,1.77624,1.91006,0,0,0,0
615,100078,-45020.1,0,109738,0.0392237,-0.00604114,-0.00496306,0.0399954,0,0,0,0
616,97026.2,-64039,0,116254,0.0302634,-0.00552579,-0.00424278,0.0310549,0,0,0,0
617,84540.9,-53852,0,100236,0.0373192,-0.00911987,-0.0016055,0.0384509,0,0,0,0
618,-18283.9,133851,0,135094,0.00532077,0.000181432,0.00127927,0.00547541,0,0,0,0
619,-30775.6,150000,0,153125,0.00473242,0,0.000915025,0.00482007,0,0,0,0
620,-10196.8,150000,0,150346,0.00585419,0,0.00125042,0.00598624,0,0,0,0
621,131222,-64674,0,146294,0.0292323,-0.00404464,-0.0105157,0.0313284,0,0,0,0
622,-38961.5,133364,0,138939,0.00407918,0.00061569,0.000797364,0.00420173,0,0,0,0
623,-46378.6,116230,0,125141,0.00292281,0.00201394,0.000724292,0.00362262,0,0,0,0
624,97408.9,-150000,0,178853,0.0126214,0,-0.00322407,0.0130267,0,0,0,0
625,150000,-122580,0,193716,0.0162615,-0.0027504,-0.00908316,0.0188283,0,0,0,0
626,150000,-150000,0,212132,0.0147555,0,-0.00847094,0.0170141,0,0,0,0
627,85334.6,131806,0,157018,0.0125922,0.000713171,-0.0023984,0.0128384,0,0,0,0
628,70460.1,-60227,0,92692.6,0.035204,-0.0121592,0.00130181,0.0372675,0,0,0,0
629,-52321,42524.8,0,67422.9,-0.052301,0.0341968,0.0180922,0.065055,0,0,0,0
630,-54788.5,31712,0,63304.2,-0.0778194,0.0361234,0.0245513,0.0892386,0,0,0,0
631,36366.6,-59929.1,0,70100.1,0.0367138,-0.0291732,0.0143419,0.0490375,0,0,0,0
632,39663.6,-48197.5,0,62419.5,0.0598616,-0.0437296,0.0238959,0.077889,0,0,0,0
633,48396.3,-56533.7,0,74419.5,0.0427129,-0.0233928,0.0108295,0.0498888,0,0,0,0
634,-118108,13939.6,0,118928,-0.0137529,0.00254685,-0.00229201,0.0141733,0,0,0,0
635,57080.1,15203.5,0,59070.2,0.133348,0.0257364,0.0359029,0.140474,0,0,0,0
636,48255.6,17147.5,0,51211.7,0.181319,0.0507687,0.0715336,0.201423,0,0,0,0
637,54080.4,26306.9,0,60139.4,0.112043,0.0387021,0.0302193,0.122331,0,0,0,0
638,50472.9,-2737.35,0,50547,0.200898,-0.00798704,0.0744809,0.214409,0,0,0,0
639,50224.2,7290.39,0,50750.5,0.200253,0.0220948,0.0759485,0.215308,0,0,0,0
640,5233.27,-27966.1,0,28451.5,0.111221,-0.508308,0.633326,0.819663,0,0,0,0
641,2993.81,-57876.7,0,57954.1,0.0114753,-0.0598277,0.0321641,0.0688881,0,0,0,0
642,6032.94,-49676.3,0,50041.3,0.0248856,-0.107276,0.0648746,0.127813,0,0,0,0
643,-25611.2,-64854.1,0,69728,-0.0110875,-0.0284176,0.0138591,0.0335048,0,0,0,0
644,-19973,-55256.3,0,58755.3,-0.0232664,-0.0560433,0.030067,0.0677215,0,0,0,0
645,-12702,-49296,0,50906.1,-0.0300996,-0.100394,0.060929,0.121233,0,0,0,0
646,23749.2,-61902.7,0,66302.1,0.0282908,-0.0335665,0.0181179,0.0474904,0,0,0,0
647,21328.9,-53042.4,0,57170.1,0.0438443,-0.0637352,0.034407,0.0846661,0,0,0,0
648,11310.6,-65835.9,0,66800.4,0.0163173,-0.0307154,0.015988,0.0382793,0,0,0,0
649,28041.2,-40313.9,0,49107.2,0.102975,-0.106739,0.0755886,0.166465,0,0,0,0
650,-26155.7,43987.7,0,51176.6,-0.069272,0.0943985,0.0624739,0.132713,0,0,0,0
651,-28299.1,37510.5,0,46988.1,-0.10808,0.11788,0.0887063,0.182882,0,0,0,0
652,37409.1,23638.9,0,44252,0.220213,0.109693,0.129986,0.27825,0,0,0,0
653,32310.1,25325.6,0,41052.7,0.241446,0.152807,0.174089,0.334594,0,0,0,0
654,33450,18153.7,0,38058.6,0.330011,0.149025,0.245665,0.43757,0,0,0,0
655,27892.7,-3949.25,0,28170.9,0.614903,-0.0764519,0.661383,0.906299,0,0,0,0
656,9002.16,27724.8,0,29149.7,0.182554,0.476103,0.593152,0.782195,0,0,0,0
657,-21616.4,28564.1,0,35821.5,-0.23626,0.271079,0.29461,0.464863,0,0,0,0
658,-19458.4,-35588.9,0,40561.1,-0.133149,-0.208038,0.174457,0.302397,0,0,0,0
659,-26215.5,-34099.8,0,43012.2,-0.146392,-0.159792,0.136232,0.255975,0,0,0,0
660,-33827.9,-17876.9,0,38261,-0.311182,-0.14015,0.235291,0.414534,0,0,0,0
661,19995.1,21018.3,0,29009.8,0.41244,0.37271,0.605732,0.82215,0,0,0,0
662,15655.6,22440.6,0,27362,0.366678,0.449567,0.714888,0.920667,0,0,0,0
663,21957.2,29454.5,0,36738.1,0.229365,0.253212,0.265498,0.432682,0,0,0,0
664,18633,25736.2,0,31773.3,0.30625,0.355874,0.451893,0.651646,0,0,0,0
665,2103.29,-13283,0,13448.5,0.106984,-0.578848,1.96177,2.04818,0,0,0,0
666,12648.1,850.655,0,12676.7,0.632361,0.0409704,2.02209,2.11906,0,0,0,0
667,24099,15076.2,0,28426.3,0.519403,0.28031,0.648384,0.876787,0,0,0,0
668,-14197.5,-15527.1,0,21039.5,-0.491716,-0.483953,1.24091,1.41981,0,0,0,0
669,-15068.4,-12193.2,0,19383.8,-0.572784,-0.413463,1.39945,1.56764,0,0,0,0
670,-16714.9,-7530.9,0,18333.1,-0.667915,-0.268254,1.49911,1.66295,0,0,0,0
671,-15277.5,-9595.03,0,18040.7,-0.618681,-0.346784,1.52707,1.68374,0,0,0,0
672,-11228.6,4111.61,0,11957.7,-0.56479,0.18952,2.07498,2.15881,0,0,0,0
673,-9177.96,4839.79,0,10375.9,-0.480694,0.23141,2.19424,2.25816,0,0,0,0
674,6320.89,9987.09,0,11819.3,0.326921,0.457363,2.08741,2.16179,0,0,0,0
675,9194.87,-9457.19,0,13190.3,0.454166,-0.417345,1.97766,2.07161,0,0,0,0
676,10824.3,-11457.2,0,15761.8,0.491411,-0.458898,1.74847,1.87329,0,0,0,0
677,-8742.39,-9451.51,0,12874.8,-0.429337,-0.418437,2.00115,2.08903,0,0,0,0
678,-7200.26,-7938.1,0,10717.1,-0.371521,-0.375891,2.17194,2.23532,0,0,0,0
679,-6381.51,-10014.3,0,11874.8,-0.317629,-0.45695,2.08825,2.16113,0,0,0,0
680,-7280.61,5274.8,0,8990.59,-0.390093,0.260078,2.29112,2.3386,0,0,0,0
681,-6320.31,3953.28,0,7454.85,-0.349092,0.199642,2.38207,2.41578,0,0,0,0
682,-2504.56,-1231.02,0,2790.74,-0.142384,-0.0652625,2.56221,2.567,0,0,0,0
683,-2401.49,-1769.76,0,2983.16,-0.135709,-0.0934246,2.55726,2.56256,0,0,0,0
684,51913.3,-150000,0,158729,0.00961932,0,-0.000226634,0.00962199,0,0,0,0
685,44316.1,-69139.4,0,82122.9,0.0263582,-0.0148728,0.00548289,0.0307574,0,0,0,0
686,5741.13,-118147,0,118286,0.00702141,-0.000293828,0.00171581,0.00723399,0,0,0,0
687,-30378.1,-75353.5,0,81246.4,-0.00519257,-0.0148956,0.00659545,0.017098,0,0,0,0
688,-45064,-74632,0,87182,-0.00858794,-0.0134303,0.00465264,0.0166064,0,0,0,0
689,-38123.7,-63691.7,0,74229.7,-0.016666,-0.0243506,0.0101043,0.0311898,0,0,0,0
690,-97408.9,-150000,0,178853,0.00130737,0,-0.0011589,0.00174708,0,0,0,0
691,1220.78,-89120.7,0,89129.1,0.00711926,-0.00575415,0.00518923,0.0105225,0,0,0,0
692,-89376.4,-1529.22,0,89389.5,-0.0390755,-0.000673099,0.00286812,0.0391863,0,0,0,0
693,-150000,73992.1,0,167257,0,0.00480555,-0.00250989,0.00542151,0,0,0,0
694,-150000,97408.9,0,178853,0,0.00369383,-0.00225755,0.00432907,0,0,0,0
695,-103035,6097.15,0,103215,-0.0246789,0.00148601,-0.000621743,0.0247314,0,0,0,0
696,-84239.3,-37655.2,0,92272.3,-0.028296,-0.0119415,0.00245744,0.0308107,0,0,0,0
697,122580,150000,0,193716,0.0136996,0,-0.00538548,0.0147201,0,0,0,0
698,129136,129209,0,182677,0.0148223,0.00120966,-0.00633001,0.0161627,0,0,0,0
699,43956.5,101797,0,110882,0.0127239,0.00285467,0.00119838,0.0130952,0,0,0,0
700,-52434.2,98597.5,0,111673,-5.34602e-05,0.0046147,0.00121562,0.00477242,0,0,0,0
701,-73992.1,150000,0,167257,0.00238994,0,-0.000489695,0.0024396,0,0,0,0
702,66635.4,12161.3,0,67736.1,0.0989727,0.0111248,0.0164124,0.100939,0,0,0,0
703,150000,150000,0,212132,0.0143561,0,-0.00816459,0.0165154,0,0,0,0
704,60714.4,-52033.7,0,79960.9,0.0464062,-0.0201566,0.00674856,0.0510428,0,0,0,0
705,-30908,-11394.7,0,32941.5,-0.449623,-0.143355,0.412072,0.62651,0,0,0,0
706,3915.02,28501.1,0,28768.7,0.0810994,0.497784,0.612649,0.793539,0,0,0,0
707,-1451.41,28569.8,0,28606.6,-0.0234049,0.511047,0.622296,0.805587,0,0,0,0
708,-8124.93,-43236.1,0,43992.9,-0.0348946,-0.172556,0.122128,0.214263,0,0,0,0
709,-26832,13795.2,0,30170.6,-0.495928,0.221961,0.543934,0.768814,0,0,0,0
710,-22420,15678.7,0,27358.3,-0.513835,0.319237,0.719715,0.940174,0,0,0,0
711,-66844.3,-12122.5,0,67934.6,-0.0804131,-0.0123696,0.0173512,0.0831886,0,0,0,0
712,98522.8,52417.5,0,111599,0.0356413,0.00609015,-0.00451074,0.0364382,0,0,0,0
713,-3348.58,-50322.2,0,50433.5,-0.00230249,-0.104911,0.0625626,0.12217,0,0,0,0
714,-3334.41,-123.136,0,3336.69,-0.189992,-0.00612137,2.54904,2.55612,0,0,0,0
715,-2041.92,426.995,0,2086.08,-0.115235,0.0234029,2.57502,2.5777,0,0,0,0
716,-1623.53,-21.4403,0,1623.67,-0.0909422,-0.000603658,2.58192,2.58352,0,0,0,0
717,-1139.98,-503.926,0,1246.39,-0.0622078,-0.0265599,2.58612,2.587,0,0,0,0
718,-15730.7,-22451.4,0,27413.9,-0.357203,-0.449669,0.710923,0.913897,0,0,0,0
719,23414.6,24078.3,0,33585.8,0.330207,0.285395,0.377859,0.577291,0,0,0,0
720,20827.8,16590.1,0,26627.6,0.514396,0.35031,0.772597,0.992082,0,0,0,0
721,-7255.61,-32355.8,0,33159.3,-0.0904335,-0.364753,0.368379,0.526238,0,0,0,0
722,-9230.04,-27769.8,0,29263.5,-0.173938,-0.465921,0.586038,0.768621,0,0,0,0
723,-4369.74,-28553.3,0,28885.7,-0.0817999,-0.493765,0.604832,0.785059,0,0,0,0
724,20365,-7976.66,0,21871.5,0.686073,-0.230013,1.17025,1.3759,0,0,0,0
725,-1293.58,3441.23,0,3676.33,-0.0701614,0.182325,2.54044,2.54794,0,0,0,0
726,-899.237,-8161.19,0,8210.58,-0.0461647,-0.40306,2.34387,2.37872,0,0,0,0
727,-1918.91,2573.41,0,3210.09,-0.107802,0.137122,2.55206,2.55801,0,0,0,0
728,-2605.76,2311.03,0,3482.94,-0.147506,0.123165,2.54449,2.55174,0,0,0,0
729,-6663.52,-24413.2,0,25306.3,-0.171683,-0.570111,0.868174,1.05272,0,0,0,0
730,-4336.57,-21184.5,0,21623.8,-0.145759,-0.624674,1.19342,1.35489,0,0,0,0
731,-9665.57,2741.27,0,10046.8,-0.509191,0.134516,2.22028,2.28189,0,0,0,0
732,-2456.26,946.559,0,2632.33,-0.139677,0.0512248,2.56574,2.57005,0,0,0,0
733,499.883,158.011,0,524.261,0.0352042,0.00896368,2.5909,2.59115,0,0,0,0
734,-2966.75,24508.2,0,24687.1,-0.0790902,0.594382,0.923183,1.10082,0,0,0,0
735,-1089.21,-10244,0,10301.7,-0.0533584,-0.486972,2.20605,2.25978,0,0,0,0
736,1483.01,-10951.3,0,11051.2,0.0818007,-0.512292,2.15668,2.2182,0,0,0,0
737,-17752.1,-10500.8,0,20625.3,-0.628307,-0.329295,1.28102,1.46431,0,0,0,0
738,-19828.5,-7770.46,0,21296.7,-0.677975,-0.238883,1.21674,1.41322,0,0,0,0
739,4581.46,-5286.45,0,6995.45,0.262001,-0.266241,2.40802,2.43682,0,0,0,0
740,1948.19,-4893.27,0,5266.83,0.116485,-0.254898,2.48766,2.5034,0,0,0,0
741,1621.14,-6064.27,0,6277.22,0.0974294,-0.309494,2.44207,2.46353,0,0,0,0
742,661.537,-5316.93,0,5357.93,0.0432675,-0.27616,2.48418,2.49985,0,0,0,0
743,17680.5,-5808.02,0,18610,0.707871,-0.20331,1.47351,1.64732,0,0,0,0
744,-7319.1,13482.3,0,15340.8,-0.33187,0.549484,1.79055,1.90214,0,0,0,0
745,-6042.15,10839,0,12409.3,-0.298315,0.48832,2.04432,2.12289,0,0,0,0
746,2970.51,-5869.48,0,6578.36,0.172782,-0.297467,2.43023,2.45445,0,0,0,0
747,-3858.13,10264.7,0,10965.8,-0.192043,0.482024,2.15463,2.21623,0,0,0,0
748,-103101,-13108.3,0,103931,-0.0240602,-0.00312559,-0.000638288,0.0242708,0,0,0,0
749,7704.8,-1082.12,0,7780.42,0.432462,-0.055144,2.36594,2.40577,0,0,0,0
750,3138.64,-15778.4,0,16087.6,0.145627,-0.62653,1.72167,1.83791,0,0,0,0
751,4565.63,-13688.3,0,14429.7,0.220433,-0.579007,1.87351,1.97329,0,0,0,0
752,5558.91,-15632.5,0,16591.4,0.244753,-0.612052,1.6703,1.79567,0,0,0,0
753,4048.87,15181.8,0,15712.4,0.184898,0.610261,1.75239,1.8648,0,0,0,0
754,8221.33,-11826.4,0,14403.3,0.393164,-0.500266,1.87418,1.97924,0,0,0,0
755,6938.57,-13937.6,0,15569.2,0.321765,-0.5676,1.76642,1.88306,0,0,0,0
756,30371.5,75359.2,0,81249.2,0.0190726,0.0136045,0.00679233,0.0243922,0,0,0,0
757,25978.6,33494.2,0,42388.1,0.16108,0.161737,0.140212,0.26789,0,0,0,0
758,19356,35286.1,0,40246.3,0.145152,0.208779,0.176359,0.309451,0,0,0,0
759,-7866.9,77498.8,0,77897,0.00331331,0.0139462,0.00764723,0.0162467,0,0,0,0
760,-12113,66834.8,0,67923.6,-0.00151608,0.0283295,0.0148318,0.0320131,0,0,0,0
761,-22494.8,75593.1,0,78869.1,-0.00195172,0.0148718,0.00754162,0.0167886,0,0,0,0
762,28.4581,-43601.1,0,43601.1,0.00724003,-0.179568,0.124172,0.21844,0,0,0,0
763,7731.18,-42403.3,0,43102.3,0.0490563,-0.180822,0.128525,0.227205,0,0,0,0
764,33646,117556,0,122277,0.00955243,0.000820814,0.000921461,0.00963181,0,0,0,0
765,40510.5,17723.9,0,44218,0.241809,0.0848486,0.128267,0.286571,0,0,0,0
766,-35678.9,39205.4,0,53009.9,-0.0875493,0.0791896,0.0563939,0.130829,0,0,0,0
767,-31657.3,32536,0,45395.8,-0.147153,0.126435,0.107218,0.221665,0,0,0,0
768,-54058.7,-26017.6,0,59993.8,-0.096797,-0.0396688,0.032898,0.109661,0,0,0,0
769,-5054.35,-1945.7,0,5415.92,-0.285961,-0.101948,2.4797,2.49821,0,0,0,0
770,13484.7,8858.25,0,16134,0.599902,0.350624,1.70965,1.84546,0,0,0,0
771,150000,-51913.3,0,158729,0.0331328,-0.00637933,-0.0163326,0.0374864,0,0,0,0
772,-150000,51913.3,0,158729,0,0.00478621,-0.00271537,0.00550282,0,0,0,0
773,-150000,30775.6,0,153125,0,0.0034553,-0.00268837,0.00437795,0,0,0,0
774,-88621.8,-19171.3,0,90671.8,-0.0359512,-0.00720969,0.00250819,0.0367527,0,0,0,0
775,51831.2,46713.5,0,69775.5,0.0576528,0.0308689,0.0138634,0.0668501,0,0,0,0
776,49379.1,36290.3,0,61280.4,0.0910156,0.0432439,0.0282559,0.104653,0,0,0,0
777,44322.1,43447,0,62065.2,0.0738973,0.0471809,0.0262374,0.0915164,0,0,0,0
778,-67333.7,798.054,0,67338.4,-0.0869037,0.000205128,0.0202032,0.0892214,0,0,0,0
779,25647.6,64827.5,0,69716.6,0.0250821,0.0259999,0.0139361,0.0387211,0,0,0,0
780,27190.1,27478.4,0,38657,0.246603,0.200705,0.220408,0.386879,0,0,0,0
781,30836.9,30817.2,0,43596,0.178766,0.139752,0.129191,0.261109,0,0,0,0
782,-28576.1,-21619.2,0,35832.7,-0.320828,-0.208902,0.30011,0.486453,0,0,0,0
783,16399,8504.31,0,18473,0.660438,0.299422,1.48963,1.65676,0,0,0,0
784,14503.8,6004.66,0,15697.6,0.653403,0.242084,1.74853,1.88226,0,0,0,0
785,-1889.71,-725.172,0,2024.07,-0.105812,-0.0379497,2.57726,2.57971,0,0,0,0
786,823.328,67310.7,0,67315.7,0.00691066,0.0268309,0.0154297,0.0317132,0,0,0,0
787,-32441.2,101493,0,106552,0.00252774,0.00336896,0.00197641,0.00465248,0,0,0,0
788,-13108.6,103101,0,103931,0.00492662,0.00229319,0.00254389,0.00600014,0,0,0,0
789,6096.52,103035,0,103215,0.00736614,0.00191007,0.00269812,0.00807392,0,0,0,0
790,81787.7,57151.5,0,99777.4,0.0352864,0.00893923,-0.0012255,0.0364218,0,0,0,0
791,-43991.8,-26158.3,0,51181.4,-0.142134,-0.0713248,0.0664609,0.172355,0,0,0,0
792,-756.956,-1031.43,0,1279.39,-0.0393987,-0.0545754,2.58567,2.58655,0,0,0,0
793,-5906.19,-1048.58,0,5998.55,-0.332223,-0.0545939,2.45489,2.47787,0,0,0,0
794,6715.58,-21303.3,0,22336.8,0.223392,-0.611502,1.12969,1.30386,0,0,0,0
795,-18381.7,1108.29,0,18415.1,-0.731137,0.0405703,1.48864,1.659,0,0,0,0
796,-17470.1,3685.73,0,17854.7,-0.715265,0.136201,1.5389,1.70246,0,0,0,0
797,-14089.3,17735.2,0,22650.5,-0.446343,0.50516,1.09694,1.28751,0,0,0,0
798,-7241.65,-1735.09,0,7446.61,-0.400274,-0.0870971,2.38194,2.4169,0,0,0,0
799,559.723,2051.15,0,2126.15,0.0387918,0.109865,2.57314,2.57578,0,0,0,0
800,-137.834,2690.18,0,2693.71,-0.0020914,0.143764,2.56279,2.56682,0,0,0,0
801,-17357.2,6463.23,0,18521.5,-0.687215,0.231627,1.47837,1.64666,0,0,0,0
802,-7486.25,16512.1,0,18129.9,-0.297253,0.59931,1.52225,1.66276,0,0,0,0
803,-12185,14993.6,0,19320.5,-0.465222,0.516415,1.4064,1.56879,0,0,0,0
804,-9561.75,15135.8,0,17903.1,-0.387536,0.55913,1.54135,1.68481,0,0,0,0
805,3287.73,-9233.07,0,9800.96,0.183164,-0.440801,2.24488,2.29507,0,0,0,0
806,-3674.36,37883.7,0,38061.4,-0.0285922,0.272201,0.2265,0.355265,0,0,0,0
807,31858.8,37617.6,0,49295.7,0.120507,0.100953,0.0773338,0.175197,0,0,0,0
808,-47073.8,27118.8,0,54326.6,-0.120342,0.0582456,0.0538834,0.144146,0,0,0,0
809,-32548.4,-31656.3,0,45404,-0.149547,-0.1246,0.106752,0.222003,0,0,0,0
810,-27789.9,-27696.6,0,39235,-0.224519,-0.191753,0.2063,0.360191,0,0,0,0
811,49210.6,-12545.5,0,50784.6,0.188534,-0.037057,0.0723031,0.205295,0,0,0,0
812,-5855.36,118260,0,118404,0.00609014,0.000483774,0.00167449,0.00633464,0,0,0,0
813,-64393.3,-24499.9,0,68896.6,-0.0711858,-0.0222656,0.0172699,0.0765599,0,0,0,0
814,-20126.4,-21007.7,0,29092.9,-0.401218,-0.368366,0.600919,0.811032,0,0,0,0
815,-31747.6,-54778.2,0,63313.2,-0.0313392,-0.0461767,0.0225744,0.0602,0,0,0,0
816,-42532.2,-52320.1,0,67426.9,-0.0346314,-0.0352864,0.0169559,0.0522682,0,0,0,0
817,-51586,-46557,0,69488.6,-0.0428195,-0.0325654,0.015937,0.0561071,0,0,0,0
818,-52361.4,-60156.1,0,79752.6,-0.0210005,-0.0206673,0.00777483,0.030473,0,0,0,0
819,-36121.5,-45383.5,0,58003.7,-0.0592834,-0.0604215,0.034671,0.0914733,0,0,0,0
820,46678.9,-20118.9,0,50830,0.173826,-0.0593304,0.0725824,0.197493,0,0,0,0
821,46588.2,-27763.3,0,54233.4,0.139761,-0.0604422,0.0542513,0.161647,0,0,0,0
822,40624.1,-23728.6,0,47046.4,0.190925,-0.090056,0.0991221,0.233212,0,0,0,0
823,38774.8,-31721.5,0,50097.3,0.14222,-0.0859689,0.0732402,0.181608,0,0,0,0
824,33901.3,-26736.9,0,43176,0.212221,-0.13409,0.139588,0.287233,0,0,0,0
825,42903.6,9597.62,0,43964,0.274556,0.0509741,0.143653,0.314031,0,0,0,0
826,-30774.3,11587.3,0,32883.5,-0.449483,0.147017,0.40984,0.625794,0,0,0,0
827,24148.4,19099.6,0,30788.7,0.432629,0.293339,0.510264,0.730468,0,0,0,0
828,28166.4,21711.7,0,35563.2,0.338905,0.218929,0.311499,0.509724,0,0,0,0
829,27829.2,16174.9,0,32188.4,0.4448,0.219287,0.437477,0.661302,0,0,0,0
830,-11203.7,-23549.3,0,26078.5,-0.2786,-0.5175,0.809859,1.00065,0,0,0,0
831,-7912.66,3532.62,0,8665.43,-0.42821,0.174905,2.31091,2.35675,0,0,0,0
832,-17656,-86960.7,0,88735,0.00238701,-0.00759973,0.00480889,0.00930479,0,0,0,0
833,-35941.1,-88029.8,0,95084.2,-0.000752866,-0.0072422,0.00332409,0.00800411,0,0,0,0
834,1708.23,24776.3,0,24835.1,0.0519602,0.591675,0.903796,1.08149,0,0,0,0
835,-37514.9,-28300.1,0,46992.2,-0.159108,-0.100863,0.096572,0.211695,0,0,0,0
836,-2170.11,-115.242,0,2173.17,-0.12276,-0.0053706,2.5733,2.57623,0,0,0,0
837,-15241.2,4792.09,0,15976.8,-0.674502,0.191358,1.71936,1.85682,0,0,0,0
838,-8447.84,-2330.17,0,8763.31,-0.457156,-0.113704,2.30556,2.35319,0,0,0,0
839,-18076.2,-4932.3,0,18737.1,-0.711073,-0.174386,1.45683,1.63046,0,0,0,0
840,-10458,17631.5,0,20499.7,-0.370655,0.569124,1.29381,1.46124,0,0,0,0
841,-5941.16,-6495.12,0,8802.5,-0.322156,-0.320315,2.30389,2.34825,0,0,0,0
842,3343.66,-2760.43,0,4335.9,0.199661,-0.142694,2.51949,2.53142,0,0,0,0
843,3296.39,-4322.64,0,5436.12,0.195441,-0.221453,2.47894,2.49647,0,0,0,0
844,7130.53,7553.96,0,10387.8,0.381531,0.357526,2.19891,2.26022,0,0,0,0
845,30633.8,11532,0,32732.5,0.458443,0.150184,0.409521,0.632797,0,0,0,0
846,-43174,43754.2,0,61468.9,-0.0588,0.0482898,0.0278226,0.0810151,0,0,0,0
847,25271.6,102531,0,105599,0.0100108,0.00218599,0.00217129,0.0104742,0,0,0,0
848,35920.2,88035.8,0,95081.9,0.01475,0.00613542,0.00309014,0.0162713,0,0,0,0
849,-30969.3,-39132.3,0,49904.3,-0.0986992,-0.102478,0.0748758,0.160779,0,0,0,0
850,57566.8,-65007.5,0,86832.7,0.0313171,-0.014778,0.0039755,0.0348562,0,0,0,0
851,-39136.1,30948.6,0,49894.4,-0.135767,0.0907811,0.0734347,0.179071,0,0,0,0
852,-75594.9,-22496.8,0,78871.4,-0.0515489,-0.0132778,0.00755881,0.0537654,0,0,0,0
853,-71298.4,-33679.1,0,78852.7,-0.0452749,-0.0181895,0.0078993,0.0494275,0,0,0,0
854,13939.1,118108,0,118928,0.00767463,0.000478032,0.00163801,0.00786203,0,0,0,0
855,-33678.4,71297.7,0,78851.7,-0.0081751,0.0174005,0.00808279,0.0208552,0,0,0,0
856,-24496.6,64389.9,0,68892.2,-0.0120277,0.0294502,0.0140216,0.0347647,0,0,0,0
857,-26014.1,54054.5,0,59988.5,-0.0308089,0.0524433,0.028381,0.0671191,0,0,0,0
858,-67028.3,-60124.9,0,90043.3,-0.0176522,-0.0144457,0.00377201,0.0231194,0,0,0,0
859,-32361.2,6844.53,0,33077.2,-0.462902,0.0845487,0.396593,0.615396,0,0,0,0
860,-24360.7,-19028.8,0,30911.8,-0.419958,-0.288678,0.502906,0.715971,0,0,0,0
861,-9372.04,-5333.35,0,10783.3,-0.48629,-0.251955,2.16453,2.23275,0,0,0,0
862,-6640.88,-4902.88,0,8254.67,-0.362984,-0.244887,2.33676,2.37743,0,0,0,0
863,-7761.48,-6100.97,0,9872.3,-0.409327,-0.294583,2.23047,2.28677,0,0,0,0
864,307.496,-2377.07,0,2396.88,0.023287,-0.125575,2.56917,2.57234,0,0,0,0
865,-73992.1,-150000,0,167257,0.0023399,0,-0.000455479,0.00238382,0,0,0,0
866,-25849.1,117728,0,120532,0.00458212,0.00106175,0.00131391,0.00488359,0,0,0,0
867,20760.8,-40686.5,0,45677.1,0.0996997,-0.144362,0.101935,0.202907,0,0,0,0
868,17553.1,87012.3,0,88765.2,0.0110603,0.00690311,0.0048268,0.0139025,0,0,0,0
869,18920.7,74023.1,0,76402.9,0.0158064,0.0163373,0.0095724,0.0246654,0,0,0,0
870,-13455.3,3174.53,0,13824.7,-0.642765,0.138845,1.91558,2.02531,0,0,0,0
871,-3218.91,-5059.28,0,5996.47,-0.177826,-0.26039,2.45723,2.47738,0,0,0,0
872,-2679.39,-3657.23,0,4533.71,-0.151839,-0.191976,2.5149,2.52678,0,0,0,0
873,-1639.55,-4764.68,0,5038.88,-0.089995,-0.249281,2.49896,2.51298,0,0,0,0
874,-5037.39,-8295.78,0,9705.42,-0.265549,-0.400138,2.24589,2.29666,0,0,0,0
875,-3846.52,-10314.2,0,11008.1,-0.196678,-0.48197,2.15368,2.21569,0,0,0,0
876,31381.6,-33784.2,0,46110.5,0.148882,-0.121481,0.100361,0.216785,0,0,0,0
877,71129.6,46123.4,0,84774.9,0.0487731,0.0156417,0.00296985,0.0513059,0,0,0,0
878,7340.1,-76945.3,0,77294.6,0.00941447,-0.0131715,0.00739786,0.0178003,0,0,0,0
879,-4420.15,-37719.8,0,37977.9,-0.033007,-0.270658,0.227053,0.354821,0,0,0,0
880,-18782.3,-25810.8,0,31921.4,-0.290306,-0.351191,0.444798,0.636756,0,0,0,0
881,21651.2,-74357.4,0,77445.4,0.0159092,-0.0142898,0.00747791,0.0226543,0,0,0,0
882,32515.2,-69768.4,0,76973.1,0.0234485,-0.0179097,0.00797835,0.0305654,0,0,0,0
883,43395.8,-7799.9,0,44091.2,0.273929,-0.0395872,0.140007,0.310171,0,0,0,0
884,42094.7,-16008.9,0,45036.1,0.241128,-0.0725372,0.123888,0.280629,0,0,0,0
885,-23696.5,-24133.6,0,33822.4,-0.315059,-0.277376,0.364924,0.556209,0,0,0,0
886,35646.6,-39696.8,0,53352.8,0.100011,-0.0796514,0.0498813,0.137239,0,0,0,0
887,7021.73,76888.2,0,77208.2,0.00901908,0.0139947,0.00803144,0.0184851,0,0,0,0
888,-1527.91,89375.5,0,89388.6,0.00621458,0.00570157,0.00528579,0.00995332,0,0,0,0
889,60681.9,50189.9,0,78748.4,0.047759,0.0198444,0.006526,0.0521278,0,0,0,0
890,27348.2,-28645.5,0,39604.1,0.226818,-0.191065,0.197672,0.356408,0,0,0,0
891,-11989.4,-36098.8,0,38037.7,-0.0985479,-0.258625,0.22306,0.355464,0,0,0,0
892,-45386.1,36107.7,0,57997.1,-0.0856794,0.0557014,0.03737,0.108812,0,0,0,0
893,150000,-73992.1,0,167257,0.0263441,-0.00636933,-0.0134926,0.0302759,0,0,0,0
894,30775.6,-150000,0,153125,0.00831568,0,0.00063454,0.00833985,0,0,0,0
895,-150000,150000,0,212132,0,0,-0.00194833,0.00194833,0,0,0,0
896,-22186.4,-29681.7,0,37057.3,-0.211752,-0.247752,0.255787,0.414303,0,0,0,0
897,10196.8,-150000,0,150346,0.00700198,0,0.00113648,0.00709361,0,0,0,0
898,-10196.8,-150000,0,150346,0.00589769,0,0.00123762,0.00602615,0,0,0,0
899,-2034.91,-133917,0,133932,0.00634989,0.000147732,0.00138361,0.00650056,0,0,0,0
900,44433.8,-37610.3,0,58214.3,0.092867,-0.0542732,0.0354482,0.113254,0,0,0,0
